
Running 390 tests using 4 workers

[1/390] [mobile-chromium-ocr] › e2e\ocr.spec.ts:14:7 › OCR: page classification › flags scanned pages, leaves native pages alone, and pre-selects only what needs OCR
[2/390] [chromium-ocr] › e2e\ocr.spec.ts:14:7 › OCR: page classification › flags scanned pages, leaves native pages alone, and pre-selects only what needs OCR
[3/390] [mobile-chromium-ocr] › e2e\pdf-editor-ocr.spec.ts:140:7 › PDF Editor: OCR integration › recognizes a scanned page inside a mixed document and lets you correct the text
[4/390] [chromium-ocr] › e2e\pdf-editor-ocr.spec.ts:140:7 › PDF Editor: OCR integration › recognizes a scanned page inside a mixed document and lets you correct the text
[5/390] [mobile-chromium-ocr] › e2e\ocr.spec.ts:28:7 › OCR: page classification › a fully native PDF is left alone by default but can still be OCR'd on request
[6/390] [chromium-ocr] › e2e\ocr.spec.ts:28:7 › OCR: page classification › a fully native PDF is left alone by default but can still be OCR'd on request
[7/390] [mobile-chromium-ocr] › e2e\ocr.spec.ts:37:7 › OCR: recognition accuracy › recognizes a clean scan with high confidence and exact text
[8/390] [chromium-ocr] › e2e\ocr.spec.ts:37:7 › OCR: recognition accuracy › recognizes a clean scan with high confidence and exact text
  1) [chromium-ocr] › e2e\pdf-editor-ocr.spec.ts:140:7 › PDF Editor: OCR integration › recognizes a scanned page inside a mixed document and lets you correct the text 

    Error: browserContext.close: ENOENT: no such file or directory, open 'C:\Users\ravit\Desktop\my projects\thefileconvert\test-results\.playwright-artifacts-1\traces\084dd47daa14102f270d-0befad35892400bc4bb1.trace'

    Error: ENOENT: no such file or directory, open 'C:\Users\ravit\Desktop\my projects\thefileconvert\test-results\.playwright-artifacts-1\ba73d09a9d82d43203b74d2cbcdb031f.zip'

    Error Context: test-results\pdf-editor-ocr-PDF-Editor--7a854-d-lets-you-correct-the-text-chromium-ocr\error-context.md


[9/390] [chromium-ocr] › e2e\pdf-editor-ocr.spec.ts:161:7 › PDF Editor: OCR text edit round trip › corrects exactly one recognized word — original text carries only that word, not the whole line
[10/390] [chromium-ocr] › e2e\ocr.spec.ts:54:7 › OCR: recognition accuracy › recognizes currency, account numbers, and dates accurately
[11/390] [mobile-chromium-ocr] › e2e\ocr.spec.ts:54:7 › OCR: recognition accuracy › recognizes currency, account numbers, and dates accurately
[chromium-ocr] › e2e\pdf-editor-ocr.spec.ts:161:7 › PDF Editor: OCR text edit round trip › corrects exactly one recognized word — original text carries only that word, not the whole line
Warning: UnknownErrorException: Ensure that the `standardFontDataUrl` API parameter is provided.

Warning: UnknownErrorException: Ensure that the `standardFontDataUrl` API parameter is provided.

[12/390] [chromium-ocr] › e2e\pdf-editor-ocr.spec.ts:211:7 › PDF Editor: OCR text edit round trip › no-collateral-change: editing one word leaves the rest of the scanned page pixel-identical
[13/390] [mobile-chromium-ocr] › e2e\ocr.spec.ts:69:7 › OCR: recognition accuracy › recognizes names, emails, and phone numbers on a form-like scan
  2) [mobile-chromium-ocr] › e2e\pdf-editor-ocr.spec.ts:140:7 › PDF Editor: OCR integration › recognizes a scanned page inside a mixed document and lets you correct the text 

    Error: browserContext.close: ENOENT: no such file or directory, open 'C:\Users\ravit\Desktop\my projects\thefileconvert\test-results\.playwright-artifacts-3\traces\084dd47daa14102f270d-ceb5d6809ba148500b60.trace'

    Error: ENOENT: no such file or directory, open 'C:\Users\ravit\Desktop\my projects\thefileconvert\test-results\.playwright-artifacts-3\af58597aafc7581adbf7bcbf11c96252.zip'

    Error Context: test-results\pdf-editor-ocr-PDF-Editor--7a854-d-lets-you-correct-the-text-mobile-chromium-ocr\error-context.md


[14/390] [mobile-chromium-ocr] › e2e\pdf-editor-ocr.spec.ts:161:7 › PDF Editor: OCR text edit round trip › corrects exactly one recognized word — original text carries only that word, not the whole line
[15/390] [chromium-ocr] › e2e\ocr.spec.ts:69:7 › OCR: recognition accuracy › recognizes names, emails, and phone numbers on a form-like scan
  3) [mobile-chromium-ocr] › e2e\pdf-editor-ocr.spec.ts:161:7 › PDF Editor: OCR text edit round trip › corrects exactly one recognized word — original text carries only that word, not the whole line 

    Error: expect(locator).toBeVisible() failed

    Locator: getByRole('button', { name: /Edit recognized word: Smith/i })
    Expected: visible
    Timeout: 10000ms
    Error: element(s) not found

    Call log:
      - Expect "toBeVisible" getByRole('button', { name: /Edit recognized word: Smith/i }) with timeout 10000ms
      - waiting for getByRole('button', { name: /Edit recognized word: Smith/i })


      177 |     // Click the recognized WORD "Smith" specifically — not the "Customer: Jane Smith" line.
      178 |     const wordButton = page.getByRole("button", { name: /Edit recognized word: Smith/i });
    > 179 |     await expect(wordButton).toBeVisible({ timeout: 10_000 });
          |                              ^
      180 |     await wordButton.click();
      181 |
      182 |     const dialog = page.getByRole("dialog", { name: "Edit text" });
        at C:\Users\ravit\Desktop\my projects\thefileconvert\e2e\pdf-editor-ocr.spec.ts:179:30

    Error Context: test-results\pdf-editor-ocr-PDF-Editor--40b57-hat-word-not-the-whole-line-mobile-chromium-ocr\error-context.md

    attachment #2: trace (application/zip) ─────────────────────────────────────────────────────────
    test-results\pdf-editor-ocr-PDF-Editor--40b57-hat-word-not-the-whole-line-mobile-chromium-ocr\trace.zip
    Usage:

        npx playwright show-trace test-results\pdf-editor-ocr-PDF-Editor--40b57-hat-word-not-the-whole-line-mobile-chromium-ocr\trace.zip

    ────────────────────────────────────────────────────────────────────────────────────────────────


[16/390] [mobile-chromium-ocr] › e2e\ocr.spec.ts:83:7 › OCR: recognition accuracy › recognizes a sideways-scanned page once rotation is corrected
[17/390] [mobile-chromium-ocr] › e2e\pdf-editor-ocr.spec.ts:211:7 › PDF Editor: OCR text edit round trip › no-collateral-change: editing one word leaves the rest of the scanned page pixel-identical
[18/390] [chromium-ocr] › e2e\ocr.spec.ts:83:7 › OCR: recognition accuracy › recognizes a sideways-scanned page once rotation is corrected
[19/390] [chromium-ocr] › e2e\ocr.spec.ts:98:7 › OCR: recognition accuracy › supports a second verified language (Spanish)
[mobile-chromium-ocr] › e2e\pdf-editor-ocr.spec.ts:211:7 › PDF Editor: OCR text edit round trip › no-collateral-change: editing one word leaves the rest of the scanned page pixel-identical
Warning: UnknownErrorException: Ensure that the `standardFontDataUrl` API parameter is provided.

[20/390] [mobile-chromium-ocr] › e2e\ocr.spec.ts:98:7 › OCR: recognition accuracy › supports a second verified language (Spanish)
[21/390] [mobile-chromium-ocr] › e2e\pdf-editor-ocr.spec.ts:275:7 › PDF Editor: OCR visual-fidelity fixtures › B. uniform gray scan background: patch matches the gray, doesn't punch a white hole
[chromium-ocr] › e2e\pdf-editor-ocr.spec.ts:211:7 › PDF Editor: OCR text edit round trip › no-collateral-change: editing one word leaves the rest of the scanned page pixel-identical
Warning: UnknownErrorException: Ensure that the `standardFontDataUrl` API parameter is provided.

[22/390] [chromium-ocr] › e2e\pdf-editor-ocr.spec.ts:275:7 › PDF Editor: OCR visual-fidelity fixtures › B. uniform gray scan background: patch matches the gray, doesn't punch a white hole
[23/390] [chromium-ocr] › e2e\ocr.spec.ts:113:7 › OCR: recognition accuracy › processes every page of a multi-page scanned PDF
[24/390] [mobile-chromium-ocr] › e2e\ocr.spec.ts:113:7 › OCR: recognition accuracy › processes every page of a multi-page scanned PDF
[25/390] [chromium-ocr] › e2e\ocr.spec.ts:126:7 › OCR: searchable PDF export › exported PDF is reopenable, phrase-searchable, and keeps the original scan visible
[mobile-chromium-ocr] › e2e\pdf-editor-ocr.spec.ts:275:7 › PDF Editor: OCR visual-fidelity fixtures › B. uniform gray scan background: patch matches the gray, doesn't punch a white hole
Warning: UnknownErrorException: Ensure that the `standardFontDataUrl` API parameter is provided.

[chromium-ocr] › e2e\pdf-editor-ocr.spec.ts:275:7 › PDF Editor: OCR visual-fidelity fixtures › B. uniform gray scan background: patch matches the gray, doesn't punch a white hole
Warning: UnknownErrorException: Ensure that the `standardFontDataUrl` API parameter is provided.

[26/390] [mobile-chromium-ocr] › e2e\pdf-editor-ocr.spec.ts:283:7 › PDF Editor: OCR visual-fidelity fixtures › C+D. colored form background with table border lines close to the value
[27/390] [chromium-ocr] › e2e\pdf-editor-ocr.spec.ts:283:7 › PDF Editor: OCR visual-fidelity fixtures › C+D. colored form background with table border lines close to the value
[chromium-ocr] › e2e\ocr.spec.ts:126:7 › OCR: searchable PDF export › exported PDF is reopenable, phrase-searchable, and keeps the original scan visible
Warning: UnknownErrorException: Ensure that the `standardFontDataUrl` API parameter is provided.

[28/390] [chromium-ocr] › e2e\ocr.spec.ts:160:7 › OCR: searchable PDF export › extracted text can be downloaded as a .txt file
[chromium-ocr] › e2e\pdf-editor-ocr.spec.ts:283:7 › PDF Editor: OCR visual-fidelity fixtures › C+D. colored form background with table border lines close to the value
Warning: UnknownErrorException: Ensure that the `standardFontDataUrl` API parameter is provided.

[29/390] [chromium-ocr] › e2e\pdf-editor-ocr.spec.ts:287:7 › PDF Editor: OCR visual-fidelity fixtures › screenshot acceptance: degree -> graduate on a textured serif scan renders in a matching style, not a generic sans-serif box
[30/390] [chromium-ocr] › e2e\ocr.spec.ts:181:7 › OCR: cancel and error handling › cancelling mid-batch keeps already-recognized pages instead of discarding everything
[chromium-ocr] › e2e\pdf-editor-ocr.spec.ts:287:7 › PDF Editor: OCR visual-fidelity fixtures › screenshot acceptance: degree -> graduate on a textured serif scan renders in a matching style, not a generic sans-serif box
Warning: UnknownErrorException: Ensure that the `standardFontDataUrl` API parameter is provided.

style stats — replacement: {
  inkDensity: 0.1086577130283026,
  avgStrokeWidthPx: 4.887372013651877,
  edgeSoftness: 0.11000621504039776
} neighbor: {
  inkDensity: 0.11384669111227519,
  avgStrokeWidthPx: 4.591549295774648,
  edgeSoftness: 0.17153748411689962
}

[31/390] [chromium-ocr] › e2e\pdf-editor-ocr.spec.ts:388:7 › PDF Editor: OCR visual-fidelity fixtures › unsafe fallback: a word overlapping a ruling line refuses to auto-erase and requires an explicit manual overlay
  4) [mobile-chromium-ocr] › e2e\ocr.spec.ts:113:7 › OCR: recognition accuracy › processes every page of a multi-page scanned PDF 

    Error: browserContext.close: ENOENT: no such file or directory, open 'C:\Users\ravit\Desktop\my projects\thefileconvert\test-results\.playwright-artifacts-2\traces\070273dca980bfb90218-cbdfa96043245d06d2c1-recording14.trace'

    Error: ENOENT: no such file or directory, open 'C:\Users\ravit\Desktop\my projects\thefileconvert\test-results\.playwright-artifacts-2\f6b3e00335ead810133186735e72a3dc.zip'

    Error Context: test-results\ocr-OCR-recognition-accura-4b529-of-a-multi-page-scanned-PDF-mobile-chromium-ocr\error-context.md


[32/390] [mobile-chromium-ocr] › e2e\ocr.spec.ts:126:7 › OCR: searchable PDF export › exported PDF is reopenable, phrase-searchable, and keeps the original scan visible
[chromium-ocr] › e2e\pdf-editor-ocr.spec.ts:388:7 › PDF Editor: OCR visual-fidelity fixtures › unsafe fallback: a word overlapping a ruling line refuses to auto-erase and requires an explicit manual overlay
Warning: UnknownErrorException: Ensure that the `standardFontDataUrl` API parameter is provided.

[33/390] [chromium-ocr] › e2e\pdf-editor-ocr.spec.ts:426:7 › PDF Editor: OCR visual-fidelity fixtures › micro-edit acceptance: only the changed date digit is patched, not the whole date field
[mobile-chromium-ocr] › e2e\pdf-editor-ocr.spec.ts:283:7 › PDF Editor: OCR visual-fidelity fixtures › C+D. colored form background with table border lines close to the value
Warning: UnknownErrorException: Ensure that the `standardFontDataUrl` API parameter is provided.

[34/390] [chromium-ocr] › e2e\ocr.spec.ts:196:7 › OCR: cancel and error handling › a corrupted PDF fails safely with a friendly message
[35/390] [mobile-chromium-ocr] › e2e\pdf-editor-ocr.spec.ts:287:7 › PDF Editor: OCR visual-fidelity fixtures › screenshot acceptance: degree -> graduate on a textured serif scan renders in a matching style, not a generic sans-serif box
[36/390] [chromium-ocr] › e2e\ocr.spec.ts:205:7 › OCR: cancel and error handling › a zero-byte file is rejected immediately
[37/390] [chromium-ocr] › e2e\ocr.spec.ts:211:7 › OCR: cancel and error handling › an unsupported file type shows a friendly error
[38/390] [chromium-ocr] › e2e\ocr.spec.ts:219:7 › OCR: network privacy › only same-origin static OCR assets are fetched — never document content
[mobile-chromium-ocr] › e2e\ocr.spec.ts:126:7 › OCR: searchable PDF export › exported PDF is reopenable, phrase-searchable, and keeps the original scan visible
Warning: UnknownErrorException: Ensure that the `standardFontDataUrl` API parameter is provided.

[39/390] [mobile-chromium-ocr] › e2e\ocr.spec.ts:160:7 › OCR: searchable PDF export › extracted text can be downloaded as a .txt file
[mobile-chromium-ocr] › e2e\pdf-editor-ocr.spec.ts:287:7 › PDF Editor: OCR visual-fidelity fixtures › screenshot acceptance: degree -> graduate on a textured serif scan renders in a matching style, not a generic sans-serif box
Warning: UnknownErrorException: Ensure that the `standardFontDataUrl` API parameter is provided.

style stats — replacement: {
  inkDensity: 0.10759541695121026,
  avgStrokeWidthPx: 4.8561643835616435,
  edgeSoftness: 0.12630930375847196
} neighbor: {
  inkDensity: 0.11384669111227519,
  avgStrokeWidthPx: 4.591549295774648,
  edgeSoftness: 0.17153748411689962
}

[40/390] [mobile-chromium-ocr] › e2e\pdf-editor-ocr.spec.ts:388:7 › PDF Editor: OCR visual-fidelity fixtures › unsafe fallback: a word overlapping a ruling line refuses to auto-erase and requires an explicit manual overlay
[41/390] [mobile-chromium-ocr] › e2e\ocr.spec.ts:181:7 › OCR: cancel and error handling › cancelling mid-batch keeps already-recognized pages instead of discarding everything
[chromium-ocr] › e2e\pdf-editor-ocr.spec.ts:426:7 › PDF Editor: OCR visual-fidelity fixtures › micro-edit acceptance: only the changed date digit is patched, not the whole date field
Warning: UnknownErrorException: Ensure that the `standardFontDataUrl` API parameter is provided.

[42/390] [mobile-chromium-ocr] › e2e\ocr.spec.ts:196:7 › OCR: cancel and error handling › a corrupted PDF fails safely with a friendly message
Warning: UnknownErrorException: Ensure that the `standardFontDataUrl` API parameter is provided.

[43/390] [chromium-ocr] › e2e\pdf-editor-ocr.spec.ts:519:7 › PDF Editor: OCR visual-fidelity fixtures › regression: selection handles on a freshly-saved micro-edit don't cover the edited glyph
[44/390] [mobile-chromium-ocr] › e2e\ocr.spec.ts:205:7 › OCR: cancel and error handling › a zero-byte file is rejected immediately
[45/390] [mobile-chromium-ocr] › e2e\ocr.spec.ts:211:7 › OCR: cancel and error handling › an unsupported file type shows a friendly error
[46/390] [mobile-chromium-ocr] › e2e\ocr.spec.ts:219:7 › OCR: network privacy › only same-origin static OCR assets are fetched — never document content
[mobile-chromium-ocr] › e2e\pdf-editor-ocr.spec.ts:388:7 › PDF Editor: OCR visual-fidelity fixtures › unsafe fallback: a word overlapping a ruling line refuses to auto-erase and requires an explicit manual overlay
Warning: UnknownErrorException: Ensure that the `standardFontDataUrl` API parameter is provided.

[47/390] [mobile-chromium-ocr] › e2e\pdf-editor-ocr.spec.ts:426:7 › PDF Editor: OCR visual-fidelity fixtures › micro-edit acceptance: only the changed date digit is patched, not the whole date field
[48/390] [chromium-ocr] › e2e\ocr.spec.ts:245:7 › OCR: network privacy › OCR is never loaded on the homepage or other tool pages
[mobile-chromium-ocr] › e2e\pdf-editor-ocr.spec.ts:426:7 › PDF Editor: OCR visual-fidelity fixtures › micro-edit acceptance: only the changed date digit is patched, not the whole date field
Warning: UnknownErrorException: Ensure that the `standardFontDataUrl` API parameter is provided.

Warning: UnknownErrorException: Ensure that the `standardFontDataUrl` API parameter is provided.

[49/390] [chromium-ocr] › e2e\pdf-editor-ocr.spec.ts:567:7 › PDF Editor: OCR privacy regression › recognizing and correcting a scanned page, then exporting, never sends document content or scan pixels off-device
  5) [mobile-chromium-ocr] › e2e\pdf-editor-ocr.spec.ts:426:7 › PDF Editor: OCR visual-fidelity fixtures › micro-edit acceptance: only the changed date digit is patched, not the whole date field 

    Error: browserContext.close: ENOENT: no such file or directory, open 'C:\Users\ravit\Desktop\my projects\thefileconvert\test-results\.playwright-artifacts-6\traces\084dd47daa14102f270d-247efd1c6276f3de893b-recording10.trace'

    Error Context: test-results\pdf-editor-ocr-PDF-Editor--bb8eb-ed-not-the-whole-date-field-mobile-chromium-ocr\error-context.md

    attachment #2: trace (application/zip) ─────────────────────────────────────────────────────────
    test-results\pdf-editor-ocr-PDF-Editor--bb8eb-ed-not-the-whole-date-field-mobile-chromium-ocr\trace.zip
    Usage:

        npx playwright show-trace test-results\pdf-editor-ocr-PDF-Editor--bb8eb-ed-not-the-whole-date-field-mobile-chromium-ocr\trace.zip

    ────────────────────────────────────────────────────────────────────────────────────────────────


  6) [mobile-chromium-ocr] › e2e\ocr.spec.ts:219:7 › OCR: network privacy › only same-origin static OCR assets are fetched — never document content 

    Error: browserContext.close: ENOENT: no such file or directory, open 'C:\Users\ravit\Desktop\my projects\thefileconvert\test-results\.playwright-artifacts-7\traces\070273dca980bfb90218-40974cf8be65c2ac94a9-recording12.trace'

    Error: ENOENT: no such file or directory, open 'C:\Users\ravit\Desktop\my projects\thefileconvert\test-results\.playwright-artifacts-7\0bf72ff10ecc3af910cd18fe67311570.zip'

    Error Context: test-results\ocr-OCR-network-privacy-on-5c355-ed-—-never-document-content-mobile-chromium-ocr\error-context.md


  7) [chromium-ocr] › e2e\pdf-editor-ocr.spec.ts:567:7 › PDF Editor: OCR privacy regression › recognizing and correcting a scanned page, then exporting, never sends document content or scan pixels off-device 

    Error: expect(locator).toBeVisible() failed

    Locator: getByRole('button', { name: /Edit recognized word: Smith/i })
    Expected: visible
    Timeout: 10000ms
    Error: element(s) not found

    Call log:
      - Expect "toBeVisible" getByRole('button', { name: /Edit recognized word: Smith/i }) with timeout 10000ms
      - waiting for getByRole('button', { name: /Edit recognized word: Smith/i })


      581 |     await page.keyboard.press("Escape"); // close the mobile Properties drawer to reach the page surface
      582 |     const wordButton = page.getByRole("button", { name: /Edit recognized word: Smith/i });
    > 583 |     await expect(wordButton).toBeVisible({ timeout: 10_000 });
          |                              ^
      584 |     await wordButton.click();
      585 |     await page.getByRole("dialog", { name: "Edit text" }).locator("input[type=text]").fill("Privacy Check");
      586 |     await page.getByRole("dialog", { name: "Edit text" }).getByRole("button", { name: "Save correction" }).click();
        at C:\Users\ravit\Desktop\my projects\thefileconvert\e2e\pdf-editor-ocr.spec.ts:583:30

    Error: apiRequestContext._wrapApiCall: ENOENT: no such file or directory, copyfile 'C:\Users\ravit\Desktop\my projects\thefileconvert\test-results\.playwright-artifacts-4\traces\084dd47daa14102f270d-ddc3f950b8ef5f5663a3-recording17.network' -> 'C:\Users\ravit\Desktop\my projects\thefileconvert\test-results\.playwright-artifacts-4\traces\084dd47daa14102f270d-ddc3f950b8ef5f5663a3-recording17-pwnetcopy-1.network'

    Error: browserContext._wrapApiCall: ENOENT: no such file or directory, open 'C:\Users\ravit\Desktop\my projects\thefileconvert\test-results\.playwright-artifacts-4\traces\084dd47daa14102f270d-ddc3f950b8ef5f5663a3-recording16.trace'

    Error: ENOENT: no such file or directory, open 'C:\Users\ravit\Desktop\my projects\thefileconvert\test-results\.playwright-artifacts-4\881264c22091d11bc3960e2f7d6f4364.zip'


[50/390] [chromium] › e2e\archive-roundtrip.spec.ts:9:7 › Archive round-trip integrity › files zipped then extracted keep their names and exact byte content
[51/390] [chromium] › e2e\data-tools.spec.ts:4:7 › Data conversion workflow › converts CSV input to JSON output
[52/390] [mobile-chromium-ocr] › e2e\ocr.spec.ts:245:7 › OCR: network privacy › OCR is never loaded on the homepage or other tool pages
[53/390] [mobile-chromium-ocr] › e2e\pdf-editor-ocr.spec.ts:519:7 › PDF Editor: OCR visual-fidelity fixtures › regression: selection handles on a freshly-saved micro-edit don't cover the edited glyph
[54/390] [chromium] › e2e\data-tools.spec.ts:16:7 › Data conversion workflow › JSON formatter pretty-prints and reports invalid JSON
[55/390] [chromium] › e2e\data-tools.spec.ts:29:7 › Data conversion workflow › word counter updates live as you type
[56/390] [chromium] › e2e\data-tools.spec.ts:35:7 › Data conversion workflow › UUID generator produces well-formed UUIDs
[57/390] [chromium] › e2e\data-tools.spec.ts:42:7 › Data conversion workflow › CSV to JSON handles quoted commas, escaped quotes, and embedded newlines
[58/390] [chromium] › e2e\data-tools.spec.ts:77:9 › Text and document converters: whitespace-only input counts as empty › /document/txt-to-pdf: spaces, tabs and blank lines show the empty-input message and produce nothing
[59/390] [chromium] › e2e\data-tools.spec.ts:77:9 › Text and document converters: whitespace-only input counts as empty › /document/markdown-to-pdf: spaces, tabs and blank lines show the empty-input message and produce nothing
[60/390] [chromium] › e2e\data-tools.spec.ts:77:9 › Text and document converters: whitespace-only input counts as empty › /document/txt-to-html: spaces, tabs and blank lines show the empty-input message and produce nothing
[61/390] [chromium] › e2e\data-tools.spec.ts:77:9 › Text and document converters: whitespace-only input counts as empty › /data/json-formatter: spaces, tabs and blank lines show the empty-input message and produce nothing
[62/390] [chromium] › e2e\data-tools.spec.ts:77:9 › Text and document converters: whitespace-only input counts as empty › /data/csv-to-json: spaces, tabs and blank lines show the empty-input message and produce nothing
[63/390] [chromium] › e2e\data-tools.spec.ts:77:9 › Text and document converters: whitespace-only input counts as empty › /data/json-to-csv: spaces, tabs and blank lines show the empty-input message and produce nothing
[64/390] [chromium] › e2e\data-tools.spec.ts:77:9 › Text and document converters: whitespace-only input counts as empty › /data/xml-formatter: spaces, tabs and blank lines show the empty-input message and produce nothing
[65/390] [chromium] › e2e\data-tools.spec.ts:77:9 › Text and document converters: whitespace-only input counts as empty › /data/base64: spaces, tabs and blank lines show the empty-input message and produce nothing
[66/390] [chromium] › e2e\data-tools.spec.ts:77:9 › Text and document converters: whitespace-only input counts as empty › /data/url-encode-decode: spaces, tabs and blank lines show the empty-input message and produce nothing
[67/390] [chromium] › e2e\data-tools.spec.ts:77:9 › Text and document converters: whitespace-only input counts as empty › /data/case-converter: spaces, tabs and blank lines show the empty-input message and produce nothing
[68/390] [chromium] › e2e\data-tools.spec.ts:89:7 › Text and document converters: whitespace-only input counts as empty › real content still converts after an empty attempt
[69/390] [mobile-chromium-ocr] › e2e\pdf-editor-ocr.spec.ts:567:7 › PDF Editor: OCR privacy regression › recognizing and correcting a scanned page, then exporting, never sends document content or scan pixels off-device
[70/390] [chromium] › e2e\homepage.spec.ts:4:7 › Homepage › loads with hero, drop zone, and no console errors
[71/390] [chromium] › e2e\homepage.spec.ts:20:7 › Homepage › shows popular tools, categories, and FAQ sections
[72/390] [chromium] › e2e\homepage.spec.ts:29:7 › Homepage › has no pricing, login, or signup CTAs
[73/390] [chromium] › e2e\homepage.spec.ts:36:7 › Homepage › footer includes privacy and terms links
[74/390] [chromium] › e2e\image-convert.spec.ts:9:7 › Image conversion workflow › converts a JPG to a valid PNG
[75/390] [chromium] › e2e\image-convert.spec.ts:28:7 › Image conversion workflow › rejects a file type the tool doesn't accept
[76/390] [chromium] › e2e\navigation.spec.ts:4:7 › Navigation › desktop nav links go to the right tool pages
[77/390] [chromium] › e2e\navigation.spec.ts:12:7 › Navigation › mobile menu opens and navigates
[78/390] [chromium] › e2e\navigation.spec.ts:22:7 › Navigation › tool search finds a known tool
[79/390] [chromium] › e2e\navigation.spec.ts:28:7 › Navigation › tool search shows an empty state for nonsense queries
[80/390] [chromium] › e2e\data-tools.spec.ts:77:9 › Text and document converters: whitespace-only input counts as empty › /document/markdown-to-html: spaces, tabs and blank lines show the empty-input message and produce nothing
  8) [chromium] › e2e\navigation.spec.ts:4:7 › Navigation › desktop nav links go to the right tool pages 

    Error: browserContext.close: ENOENT: no such file or directory, open 'C:\Users\ravit\Desktop\my projects\thefileconvert\test-results\.playwright-artifacts-8\traces\5d2868f7d23420c27cca-76728f1975f2af18e9df-recording22.trace'

    Error: ENOENT: no such file or directory, open 'C:\Users\ravit\Desktop\my projects\thefileconvert\test-results\.playwright-artifacts-8\877898dc52603e0f3915b9143523e48d.zip'

    Error Context: test-results\navigation-Navigation-desk-500cd--go-to-the-right-tool-pages-chromium\error-context.md


  9) [chromium] › e2e\navigation.spec.ts:28:7 › Navigation › tool search shows an empty state for nonsense queries 

    Error: browserContext.close: ENOENT: no such file or directory, open 'C:\Users\ravit\Desktop\my projects\thefileconvert\test-results\.playwright-artifacts-11\traces\5d2868f7d23420c27cca-bad4bb41cf4482b53f17-recording28.network'

    Error: ENOENT: no such file or directory, open 'C:\Users\ravit\Desktop\my projects\thefileconvert\test-results\.playwright-artifacts-11\231692d8ce2a3d7f8dc0556cbcde7208.zip'

    Error Context: test-results\navigation-Navigation-tool-8aa5f--state-for-nonsense-queries-chromium\error-context.md


[81/390] [chromium] › e2e\pdf-compress-flate-scan.spec.ts:47:5 › a Flate-encoded scan really shrinks toward a real target, with exact byte counts shown
[82/390] [chromium] › e2e\navigation.spec.ts:34:7 › Navigation › tool status directory lists every tool with a status
[83/390] [chromium] › e2e\pdf-compress-honesty.spec.ts:8:7 › Target-size PDF compression is honest about what it actually achieved › an already-small PDF: Target reached is shown, and any claimed reduction is real
[84/390] [chromium] › e2e\pdf-compress-flate-scan.spec.ts:75:5 › a target already met by the free lossless pass is honest: no inflated saving is claimed
[85/390] [chromium] › e2e\pdf-compress-honesty.spec.ts:56:7 › Target-size PDF compression is honest about what it actually achieved › an impossible target never fakes success: it is labelled Closest safe result and the file still opens
[86/390] [chromium] › e2e\pdf-compress-honesty.spec.ts:30:7 › Target-size PDF compression is honest about what it actually achieved › an image-dominated PDF: the search stops at a rung whose real output actually fits the target
[87/390] [chromium] › e2e\pdf-editor-advanced.spec.ts:145:7 › PDF Editor: image placement › inserts a real PNG image, preserves aspect ratio, and it renders at the placed location
[88/390] [chromium] › e2e\pdf-editor-advanced.spec.ts:208:7 › PDF Editor: annotations › highlight fills the selected region with a translucent color
[89/390] [chromium] › e2e\pdf-editor-advanced.spec.ts:64:7 › PDF Editor: signature › draws a signature, places and resizes it, and it renders at the intended location after export
[chromium] › e2e\pdf-editor-advanced.spec.ts:145:7 › PDF Editor: image placement › inserts a real PNG image, preserves aspect ratio, and it renders at the placed location
Warning: UnknownErrorException: Ensure that the `standardFontDataUrl` API parameter is provided.

[90/390] [chromium] › e2e\pdf-editor-advanced.spec.ts:227:7 › PDF Editor: annotations › underline draws a thin line at the bottom of the region, not a fill
[chromium] › e2e\pdf-editor-advanced.spec.ts:208:7 › PDF Editor: annotations › highlight fills the selected region with a translucent color
Warning: UnknownErrorException: Ensure that the `standardFontDataUrl` API parameter is provided.

[91/390] [chromium] › e2e\pdf-editor-advanced.spec.ts:244:7 › PDF Editor: annotations › strikethrough draws a thin line through the middle of the region
[chromium] › e2e\pdf-editor-advanced.spec.ts:64:7 › PDF Editor: signature › draws a signature, places and resizes it, and it renders at the intended location after export
Warning: UnknownErrorException: Ensure that the `standardFontDataUrl` API parameter is provided.

Warning: UnknownErrorException: Ensure that the `standardFontDataUrl` API parameter is provided.

[92/390] [chromium] › e2e\pdf-editor-advanced.spec.ts:265:7 › PDF Editor: form fill › detects AcroForm fields, edits them, and the values persist in the exported PDF
[chromium] › e2e\pdf-editor-advanced.spec.ts:227:7 › PDF Editor: annotations › underline draws a thin line at the bottom of the region, not a fill
Warning: UnknownErrorException: Ensure that the `standardFontDataUrl` API parameter is provided.

[93/390] [chromium] › e2e\pdf-editor-advanced.spec.ts:293:7 › PDF Editor: crop › applies a crop box to the current page and it's reflected in the exported PDF's page box
[chromium] › e2e\pdf-editor-advanced.spec.ts:244:7 › PDF Editor: annotations › strikethrough draws a thin line through the middle of the region
Warning: UnknownErrorException: Ensure that the `standardFontDataUrl` API parameter is provided.

[94/390] [chromium] › e2e\pdf-editor-advanced.spec.ts:339:7 › PDF Editor: header/footer › stamps header/footer text with a page-number token onto every page
[95/390] [chromium] › e2e\pdf-editor-interaction.spec.ts:64:7 › PDF Editor: drag previews follow the pointer › the live preview box sits exactly under the pointer while dragging (not at the page's top-left)
[96/390] [chromium] › e2e\pdf-editor-interaction.spec.ts:86:7 › PDF Editor: drag previews follow the pointer › a drag started on top of the page's text still draws (the text hit-target doesn't swallow it)
[chromium] › e2e\pdf-editor-advanced.spec.ts:339:7 › PDF Editor: header/footer › stamps header/footer text with a page-number token onto every page
Warning: UnknownErrorException: Ensure that the `standardFontDataUrl` API parameter is provided.

Warning: UnknownErrorException: Ensure that the `standardFontDataUrl` API parameter is provided.

Warning: UnknownErrorException: Ensure that the `standardFontDataUrl` API parameter is provided.

Warning: UnknownErrorException: Ensure that the `standardFontDataUrl` API parameter is provided.

[97/390] [chromium] › e2e\pdf-editor-interaction.spec.ts:95:7 › PDF Editor: drag previews follow the pointer › placement is exact (0px) at different zooms, when scrolled, and on a rotated page
[98/390] [chromium] › e2e\pdf-editor-interaction.spec.ts:123:7 › PDF Editor: tools stay armed for repeated use › highlight, underline and strikethrough each work several times in a row without reselecting
[99/390] [chromium] › e2e\pdf-editor-interaction.spec.ts:134:7 › PDF Editor: tools stay armed for repeated use › Escape leaves the tool; a stray click without dragging doesn't create anything or drop the tool
[100/390] [chromium] › e2e\pdf-editor-interaction.spec.ts:147:7 › PDF Editor: freehand drawing › the stroke is visible while the pointer is still down, and the tool stays armed
[101/390] [chromium] › e2e\pdf-editor-interaction.spec.ts:166:7 › PDF Editor: text is edited directly on the page › place text, type a sentence continuously, edit inside it, and it exports where it shows
[102/390] [chromium] › e2e\pdf-editor-interaction.spec.ts:201:7 › PDF Editor: text is edited directly on the page › clicking an already-selected text box (or double-clicking) re-enters editing; typing is one undo step
[103/390] [chromium] › e2e\pdf-editor-interaction.spec.ts:218:7 › PDF Editor: text is edited directly on the page › the selected text's color and size are edited from the panel, and Delete removes it
[104/390] [chromium] › e2e\pdf-editor-interaction.spec.ts:240:7 › PDF Editor: text is edited directly on the page › typing into the properties-panel text box isn't cut off after one character
[chromium] › e2e\pdf-editor-interaction.spec.ts:166:7 › PDF Editor: text is edited directly on the page › place text, type a sentence continuously, edit inside it, and it exports where it shows
Warning: UnknownErrorException: Ensure that the `standardFontDataUrl` API parameter is provided.

Warning: UnknownErrorException: Ensure that the `standardFontDataUrl` API parameter is provided.

[105/390] [chromium] › e2e\pdf-editor-interaction.spec.ts:259:7 › PDF Editor: shapes, images, crop, search, pages › a line dragged down-right exports down-right, and matches what's on screen
[106/390] [chromium] › e2e\pdf-editor-interaction.spec.ts:287:7 › PDF Editor: shapes, images, crop, search, pages › a resized picture keeps its proportions (screen and export agree)
[chromium] › e2e\pdf-editor-interaction.spec.ts:259:7 › PDF Editor: shapes, images, crop, search, pages › a line dragged down-right exports down-right, and matches what's on screen
Warning: UnknownErrorException: Ensure that the `standardFontDataUrl` API parameter is provided.

[107/390] [chromium] › e2e\pdf-editor-interaction.spec.ts:307:7 › PDF Editor: shapes, images, crop, search, pages › a crop area can be adjusted by its handles, is kept on the page, and applied from the action bar
[108/390] [chromium] › e2e\pdf-editor-interaction.spec.ts:334:7 › PDF Editor: shapes, images, crop, search, pages › search covers every page from the start and Next/Prev jump to the match
[109/390] [chromium] › e2e\pdf-editor-interaction.spec.ts:349:7 › PDF Editor: shapes, images, crop, search, pages › pages can be moved with the Move up/down buttons (works without dragging)
[chromium] › e2e\pdf-editor-interaction.spec.ts:349:7 › PDF Editor: shapes, images, crop, search, pages › pages can be moved with the Move up/down buttons (works without dragging)
Warning: UnknownErrorException: Ensure that the `standardFontDataUrl` API parameter is provided.

[110/390] [chromium] › e2e\pdf-editor-interaction.spec.ts:360:7 › PDF Editor: shapes, images, crop, search, pages › Whiteout shows the not-secure-redaction warning while it's the active tool
[111/390] [chromium] › e2e\pdf-editor-interaction.spec.ts:370:7 › PDF Editor: added text on a rotated page › keeps its layout (one line, real width) and turns with the page instead of wrapping into a sliver
[112/390] [chromium] › e2e\pdf-editor-interaction.spec.ts:394:7 › PDF Editor: underline and strikethrough as a flat drag › dragging straight along a line (almost no height) still creates the underline / strikethrough
[113/390] [chromium] › e2e\pdf-editor-interaction.spec.ts:414:7 › PDF Editor: typing right after placing text › the first character typed immediately after clicking is not lost
[114/390] [chromium] › e2e\pdf-editor-interaction.spec.ts:425:7 › PDF Editor: pages that carry a CropBox › the page is laid out on its visible (cropped) area, and the crop survives a round trip
[115/390] [chromium] › e2e\pdf-editor-interaction.spec.ts:445:7 › PDF Editor on a phone › opens fit to the screen, has finger-sized controls, and both drawers can be closed and used
[116/390] [chromium] › e2e\pdf-editor-interaction.spec.ts:474:7 › PDF Editor: a page wider than its viewport › the page keeps its size (and its drawing overlay matches its canvas) and scrolls instead of being squeezed
[117/390] [chromium] › e2e\pdf-editor-interaction.spec.ts:510:7 › PDF Editor on a phone: touch input › tap places text and typing works; highlight/underline stay armed; strokes render live; crop applies
[118/390] [chromium] › e2e\pdf-editor-qa.spec.ts:27:7 › PDF Editor: large document smoke test › handles a 25-page document: thumbnails, navigation, zoom, an annotation, and export
[119/390] [chromium] › e2e\pdf-editor-qa.spec.ts:75:7 › PDF Editor: mobile editing checklist › every core editing action works on a mobile viewport
[120/390] [chromium] › e2e\pdf-editor-qa.spec.ts:156:9 › PDF Editor: responsive QA matrix › no horizontal overflow and core controls are reachable at 390x844
[121/390] [chromium] › e2e\pdf-editor-qa.spec.ts:156:9 › PDF Editor: responsive QA matrix › no horizontal overflow and core controls are reachable at 768x1024
[122/390] [chromium] › e2e\pdf-editor-qa.spec.ts:156:9 › PDF Editor: responsive QA matrix › no horizontal overflow and core controls are reachable at 1366x768
[123/390] [chromium] › e2e\pdf-editor-qa.spec.ts:156:9 › PDF Editor: responsive QA matrix › no horizontal overflow and core controls are reachable at 1440x900
[124/390] [chromium] › e2e\pdf-editor-qa.spec.ts:156:9 › PDF Editor: responsive QA matrix › no horizontal overflow and core controls are reachable at 1920x1080
[125/390] [chromium] › e2e\pdf-editor-qa.spec.ts:156:9 › PDF Editor: responsive QA matrix › no horizontal overflow and core controls are reachable at 2560x1440
[126/390] [chromium] › e2e\pdf-editor-qa.spec.ts:156:9 › PDF Editor: responsive QA matrix › no horizontal overflow and core controls are reachable at 3440x1440
[127/390] [chromium] › e2e\pdf-editor-qa.spec.ts:186:7 › PDF Editor: privacy regression (signature / image / form / crop / header-footer) › no document bytes, signature/image contents, or third-party requests leave the browser across these flows
  10) [mobile-chromium-ocr] › e2e\pdf-editor-ocr.spec.ts:567:7 › PDF Editor: OCR privacy regression › recognizing and correcting a scanned page, then exporting, never sends document content or scan pixels off-device 

    Error: expect(locator).toBeVisible() failed

    Locator: getByRole('button', { name: /Edit recognized word: Smith/i })
    Expected: visible
    Timeout: 10000ms
    Error: element(s) not found

    Call log:
      - Expect "toBeVisible" getByRole('button', { name: /Edit recognized word: Smith/i }) with timeout 10000ms
      - waiting for getByRole('button', { name: /Edit recognized word: Smith/i })


      581 |     await page.keyboard.press("Escape"); // close the mobile Properties drawer to reach the page surface
      582 |     const wordButton = page.getByRole("button", { name: /Edit recognized word: Smith/i });
    > 583 |     await expect(wordButton).toBeVisible({ timeout: 10_000 });
          |                              ^
      584 |     await wordButton.click();
      585 |     await page.getByRole("dialog", { name: "Edit text" }).locator("input[type=text]").fill("Privacy Check");
      586 |     await page.getByRole("dialog", { name: "Edit text" }).getByRole("button", { name: "Save correction" }).click();
        at C:\Users\ravit\Desktop\my projects\thefileconvert\e2e\pdf-editor-ocr.spec.ts:583:30

    Error: apiRequestContext._wrapApiCall: ENOENT: no such file or directory, copyfile 'C:\Users\ravit\Desktop\my projects\thefileconvert\test-results\.playwright-artifacts-9\traces\084dd47daa14102f270d-f074e544072063c1b2f2-recording3.network' -> 'C:\Users\ravit\Desktop\my projects\thefileconvert\test-results\.playwright-artifacts-9\traces\084dd47daa14102f270d-f074e544072063c1b2f2-recording3-pwnetcopy-1.network'

    Error: browserContext._wrapApiCall: ENOENT: no such file or directory, open 'C:\Users\ravit\Desktop\my projects\thefileconvert\test-results\.playwright-artifacts-9\traces\084dd47daa14102f270d-f074e544072063c1b2f2-recording2.trace'

    Error: ENOENT: no such file or directory, open 'C:\Users\ravit\Desktop\my projects\thefileconvert\test-results\.playwright-artifacts-9\9469fc27e8a92e2b7d6100673b9cc869.zip'


[128/390] [chromium] › e2e\pdf-editor.spec.ts:71:7 › PDF Editor: add text / shapes / annotations › adds a text box and it appears at export in the reopened PDF
[129/390] [chromium] › e2e\pdf-editor.spec.ts:49:7 › PDF Editor: native text editing › corrects native text, exports, and the correction is verifiable in the reopened PDF
[chromium] › e2e\pdf-editor.spec.ts:71:7 › PDF Editor: add text / shapes / annotations › adds a text box and it appears at export in the reopened PDF
Warning: UnknownErrorException: Ensure that the `standardFontDataUrl` API parameter is provided.

Warning: UnknownErrorException: Ensure that the `standardFontDataUrl` API parameter is provided.

[130/390] [chromium] › e2e\pdf-editor.spec.ts:83:7 › PDF Editor: add text / shapes / annotations › draws a whiteout box and the exported page renders a white-filled region
[131/390] [chromium] › e2e\pdf-editor.spec.ts:107:7 › PDF Editor: add text / shapes / annotations › draws a rectangle shape that survives export
  11) [chromium] › e2e\pdf-editor-interaction.spec.ts:201:7 › PDF Editor: text is edited directly on the page › clicking an already-selected text box (or double-clicking) re-enters editing; typing is one undo step 

    Error: expect(locator).toContainText(expected) failed

    Locator: locator('[data-object-type=added-text]')
    Expected substring: "Hello world"
    Received string:    "Sec"
    Timeout: 5000ms

    Call log:
      - Expect "toContainText" locator('[data-object-type=added-text]') with timeout 5000ms
      - waiting for locator('[data-object-type=added-text]')
        10 × locator resolved to <div class="absolute cursor-move " data-object-type="added-text" data-object-id="68743f37-59b4-42ad-af9c-5bf38ec2910b">…</div>
           - unexpected value "Sec"


      213 |     await page.keyboard.press("Escape");
      214 |     await page.getByRole("button", { name: "Undo", exact: true }).click();
    > 215 |     await expect(page.locator("[data-object-type=added-text]")).toContainText("Hello world");
          |                                                                 ^
      216 |   });
      217 |
      218 |   test("the selected text's color and size are edited from the panel, and Delete removes it", async ({ page, isMobile }) => {
        at C:\Users\ravit\Desktop\my projects\thefileconvert\e2e\pdf-editor-interaction.spec.ts:215:65

    Error Context: test-results\pdf-editor-interaction-PDF-b992c-ing-typing-is-one-undo-step-chromium\error-context.md

    attachment #2: trace (application/zip) ─────────────────────────────────────────────────────────
    test-results\pdf-editor-interaction-PDF-b992c-ing-typing-is-one-undo-step-chromium\trace.zip
    Usage:

        npx playwright show-trace test-results\pdf-editor-interaction-PDF-b992c-ing-typing-is-one-undo-step-chromium\trace.zip

    ────────────────────────────────────────────────────────────────────────────────────────────────


[chromium] › e2e\pdf-editor.spec.ts:83:7 › PDF Editor: add text / shapes / annotations › draws a whiteout box and the exported page renders a white-filled region
Warning: UnknownErrorException: Ensure that the `standardFontDataUrl` API parameter is provided.

[132/390] [chromium] › e2e\pdf-editor.spec.ts:154:7 › PDF Editor: page management › inserts pages from another PDF after the current page
[chromium] › e2e\pdf-editor.spec.ts:49:7 › PDF Editor: native text editing › corrects native text, exports, and the correction is verifiable in the reopened PDF
Warning: UnknownErrorException: Ensure that the `standardFontDataUrl` API parameter is provided.

Warning: UnknownErrorException: Ensure that the `standardFontDataUrl` API parameter is provided.

[133/390] [chromium] › e2e\pdf-editor.spec.ts:173:7 › PDF Editor: undo/redo › Ctrl+Z undoes an added text object and Ctrl+Shift+Z redoes it
[134/390] [chromium] › e2e\pdf-editor.spec.ts:132:7 › PDF Editor: page management › rotate, duplicate, and delete pages, then export and verify the result
[135/390] [chromium] › e2e\pdf-editor.spec.ts:199:7 › PDF Editor: OCR integration › OCR is never fetched until recognition is explicitly requested
[136/390] [chromium] › e2e\pdf-editor.spec.ts:215:7 › PDF Editor: privacy / network › no document content is ever sent off-device while editing and exporting
[137/390] [chromium] › e2e\pdf-editor.spec.ts:236:7 › PDF Editor: security / error handling › a corrupted PDF fails safely with a friendly message
[138/390] [chromium] › e2e\pdf-editor.spec.ts:245:7 › PDF Editor: security / error handling › a zero-byte file is rejected immediately
[139/390] [chromium] › e2e\pdf-editor.spec.ts:251:7 › PDF Editor: security / error handling › an unsupported file type shows a friendly error
[140/390] [chromium] › e2e\pdf-editor.spec.ts:259:7 › PDF Editor: responsive / mobile › no horizontal overflow and page panels are reachable via toggle buttons at 390px width
[141/390] [chromium] › e2e\pdf-merge.spec.ts:8:7 › PDF merge workflow › merges two PDFs and produces a valid combined PDF
[142/390] [chromium] › e2e\pdf-merge.spec.ts:36:7 › PDF merge workflow › shows a friendly error state and allows retry when processing fails
[143/390] [chromium] › e2e\quality-acceptance.spec.ts:61:7 › PDF merge / reorder › merge: files can be reordered in the list, and the output follows that order
[144/390] [chromium] › e2e\quality-acceptance.spec.ts:135:7 › PDF compress (target-size) tells the truth › a target the free lossless pass already meets merges duplicate images and reports real sizes
[145/390] [chromium] › e2e\quality-acceptance.spec.ts:210:7 › Image tools protect transparency and say what they did › crop: dragging on the preview draws the box under the pointer and crops exactly that region
[146/390] [chromium] › e2e\quality-acceptance.spec.ts:277:7 › Text tools › text diff says when the two texts are identical
[chromium] › e2e\quality-acceptance.spec.ts:61:7 › PDF merge / reorder › merge: files can be reordered in the list, and the output follows that order
Warning: UnknownErrorException: Ensure that the `standardFontDataUrl` API parameter is provided.

Warning: UnknownErrorException: Ensure that the `standardFontDataUrl` API parameter is provided.

Warning: UnknownErrorException: Ensure that the `standardFontDataUrl` API parameter is provided.

Warning: UnknownErrorException: Ensure that the `standardFontDataUrl` API parameter is provided.

[147/390] [chromium] › e2e\quality-acceptance.spec.ts:72:7 › PDF merge / reorder › reorder: pages show thumbnails, and drag-and-drop plus an arrow give the exported order
[148/390] [chromium] › e2e\quality-acceptance.spec.ts:232:7 › PDF metadata removal › clears every document-information entry and keeps the content
[149/390] [chromium] › e2e\quality-acceptance.spec.ts:148:7 › PDF compress (target-size) tells the truth › an image-only scan: a loose target needs no quality loss, a tight one walks the ladder and shrinks a lot
[150/390] [chromium] › e2e\quality-acceptance.spec.ts:252:7 › Text tools › CSV with an unclosed quote is reported, not silently mangled
[151/390] [chromium] › e2e\quality-acceptance.spec.ts:288:7 › Documents › TXT to PDF: characters the PDF fonts cannot draw are reported, not turned into an encoding error
[152/390] [chromium] › e2e\quality-acceptance.spec.ts:257:7 › Text tools › JSON to CSV writes nested values as JSON text, never [object Object]
[153/390] [chromium] › e2e\quality-acceptance.spec.ts:264:7 › Text tools › XML pretty-print keeps the xml declaration
[154/390] [chromium] › e2e\quality-acceptance.spec.ts:298:7 › Documents › editing the text after converting drops the stale Download button
[155/390] [chromium] › e2e\quality-acceptance.spec.ts:173:7 › Image tools protect transparency and say what they did › compress (target-size): a transparent PNG is automatically kept in a format that preserves transparency
[chromium] › e2e\quality-acceptance.spec.ts:72:7 › PDF merge / reorder › reorder: pages show thumbnails, and drag-and-drop plus an arrow give the exported order
Warning: UnknownErrorException: Ensure that the `standardFontDataUrl` API parameter is provided.

Warning: UnknownErrorException: Ensure that the `standardFontDataUrl` API parameter is provided.

[156/390] [chromium] › e2e\quality-acceptance.spec.ts:83:7 › PDF merge / reorder › reorder: arrows are labelled per page and move that page
[157/390] [chromium] › e2e\quality-acceptance.spec.ts:269:7 › Text tools › case converter keeps accented letters
[158/390] [chromium] › e2e\security-edge-cases.spec.ts:7:7 › Security edge cases fail safely › a file with the right extension but wrong content fails with a friendly message
[159/390] [chromium] › e2e\quality-acceptance.spec.ts:307:7 › Documents › Markdown to HTML: tables render, snake_case survives, and javascript: links are removed
[chromium] › e2e\quality-acceptance.spec.ts:83:7 › PDF merge / reorder › reorder: arrows are labelled per page and move that page
Warning: UnknownErrorException: Ensure that the `standardFontDataUrl` API parameter is provided.

Warning: UnknownErrorException: Ensure that the `standardFontDataUrl` API parameter is provided.

[160/390] [chromium] › e2e\quality-acceptance.spec.ts:182:7 › Image tools protect transparency and say what they did › compress (target-size): a very tight target on a transparent image still keeps transparency, and says it converted format
[161/390] [chromium] › e2e\quality-acceptance.spec.ts:320:7 › Home page › the file chosen on the home page is already loaded in the tool it leads to, and specific tools come first
[162/390] [chromium] › e2e\security-edge-cases.spec.ts:20:7 › Security edge cases fail safely › a truncated/corrupted PDF fails with a friendly message
[163/390] [chromium] › e2e\security-edge-cases.spec.ts:30:7 › Security edge cases fail safely › a malformed ZIP fails with a friendly message
[164/390] [chromium] › e2e\quality-acceptance.spec.ts:194:7 › Image tools protect transparency and say what they did › compress (target-size): an already-small JPG under the target comes back unchanged instead of possibly larger
[165/390] [chromium] › e2e\quality-acceptance.spec.ts:333:7 › Editor search reflects edits › search finds corrected native text and typed text, and no longer finds the text that was replaced
[166/390] [chromium] › e2e\security-edge-cases.spec.ts:39:7 › Security edge cases fail safely › an SVG with a script and event handlers never executes
[167/390] [chromium] › e2e\quality-acceptance.spec.ts:203:7 › Image tools protect transparency and say what they did › resize, rotate and crop keep a PNG a PNG by default
[168/390] [chromium] › e2e\security-edge-cases.spec.ts:57:7 › Security edge cases fail safely › a zero-byte file is rejected immediately as empty
[169/390] [chromium] › e2e\security-edge-cases.spec.ts:63:7 › Security edge cases fail safely › uploading an unsupported file type shows a friendly error, not a crash
[170/390] [chromium] › e2e\seo-metadata.spec.ts:4:7 › Per-page SEO metadata › the homepage declares the production domain as its canonical URL
[171/390] [chromium] › e2e\seo-metadata.spec.ts:9:7 › Per-page SEO metadata › a tool page has its own OpenGraph/Twitter title, not the homepage's
[172/390] [chromium] › e2e\seo-metadata.spec.ts:23:7 › Per-page SEO metadata › two different tool pages have distinct titles and descriptions
[173/390] [chromium] › e2e\seo-metadata.spec.ts:36:7 › Per-page SEO metadata › sitemap and robots reference the production domain
[174/390] [chromium] › e2e\smoke.spec.ts:6:9 › Smoke: every live tool page renders without errors › /pdf/editor renders
[175/390] [chromium] › e2e\smoke.spec.ts:6:9 › Smoke: every live tool page renders without errors › /pdf/merge renders
[176/390] [chromium] › e2e\smoke.spec.ts:6:9 › Smoke: every live tool page renders without errors › /pdf/split renders
[177/390] [chromium] › e2e\smoke.spec.ts:6:9 › Smoke: every live tool page renders without errors › /pdf/extract-pages renders
[178/390] [chromium] › e2e\smoke.spec.ts:6:9 › Smoke: every live tool page renders without errors › /pdf/delete-pages renders
[179/390] [chromium] › e2e\smoke.spec.ts:6:9 › Smoke: every live tool page renders without errors › /pdf/rotate renders
[180/390] [chromium] › e2e\smoke.spec.ts:6:9 › Smoke: every live tool page renders without errors › /pdf/reorder renders
[181/390] [chromium] › e2e\smoke.spec.ts:6:9 › Smoke: every live tool page renders without errors › /pdf/images-to-pdf renders
[182/390] [chromium] › e2e\smoke.spec.ts:6:9 › Smoke: every live tool page renders without errors › /pdf/to-images renders
[183/390] [chromium] › e2e\smoke.spec.ts:6:9 › Smoke: every live tool page renders without errors › /pdf/page-numbers renders
[184/390] [chromium] › e2e\smoke.spec.ts:6:9 › Smoke: every live tool page renders without errors › /pdf/watermark renders
[185/390] [chromium] › e2e\smoke.spec.ts:6:9 › Smoke: every live tool page renders without errors › /pdf/metadata renders
[186/390] [chromium] › e2e\smoke.spec.ts:6:9 › Smoke: every live tool page renders without errors › /pdf/compress renders
[187/390] [chromium] › e2e\smoke.spec.ts:6:9 › Smoke: every live tool page renders without errors › /pdf/ocr renders
[188/390] [chromium] › e2e\smoke.spec.ts:6:9 › Smoke: every live tool page renders without errors › /image/compress renders
[189/390] [chromium] › e2e\smoke.spec.ts:6:9 › Smoke: every live tool page renders without errors › /image/resize renders
[190/390] [chromium] › e2e\smoke.spec.ts:6:9 › Smoke: every live tool page renders without errors › /image/crop renders
[191/390] [chromium] › e2e\smoke.spec.ts:6:9 › Smoke: every live tool page renders without errors › /image/rotate renders
[192/390] [chromium] › e2e\smoke.spec.ts:6:9 › Smoke: every live tool page renders without errors › /image/remove-metadata renders
[193/390] [chromium] › e2e\smoke.spec.ts:6:9 › Smoke: every live tool page renders without errors › /image/svg-to-png renders
[194/390] [chromium] › e2e\smoke.spec.ts:6:9 › Smoke: every live tool page renders without errors › /convert/jpg-to-png renders
[195/390] [chromium] › e2e\smoke.spec.ts:6:9 › Smoke: every live tool page renders without errors › /convert/png-to-jpg renders
[196/390] [chromium] › e2e\smoke.spec.ts:6:9 › Smoke: every live tool page renders without errors › /convert/jpg-to-webp renders
[197/390] [chromium] › e2e\smoke.spec.ts:6:9 › Smoke: every live tool page renders without errors › /convert/webp-to-jpg renders
[198/390] [chromium] › e2e\smoke.spec.ts:6:9 › Smoke: every live tool page renders without errors › /convert/png-to-webp renders
[199/390] [chromium] › e2e\smoke.spec.ts:6:9 › Smoke: every live tool page renders without errors › /convert/webp-to-png renders
[200/390] [chromium] › e2e\smoke.spec.ts:6:9 › Smoke: every live tool page renders without errors › /data/json-formatter renders
[201/390] [chromium] › e2e\smoke.spec.ts:6:9 › Smoke: every live tool page renders without errors › /data/xml-formatter renders
[202/390] [chromium] › e2e\smoke.spec.ts:6:9 › Smoke: every live tool page renders without errors › /data/csv-to-json renders
[203/390] [chromium] › e2e\smoke.spec.ts:6:9 › Smoke: every live tool page renders without errors › /data/json-to-csv renders
[204/390] [chromium] › e2e\smoke.spec.ts:6:9 › Smoke: every live tool page renders without errors › /data/base64 renders
[205/390] [chromium] › e2e\smoke.spec.ts:6:9 › Smoke: every live tool page renders without errors › /data/url-encode-decode renders
[206/390] [chromium] › e2e\smoke.spec.ts:6:9 › Smoke: every live tool page renders without errors › /data/case-converter renders
[207/390] [chromium] › e2e\smoke.spec.ts:6:9 › Smoke: every live tool page renders without errors › /data/word-counter renders
[208/390] [chromium] › e2e\smoke.spec.ts:6:9 › Smoke: every live tool page renders without errors › /data/uuid-generator renders
[209/390] [chromium] › e2e\smoke.spec.ts:6:9 › Smoke: every live tool page renders without errors › /data/hash-generator renders
[210/390] [chromium] › e2e\smoke.spec.ts:6:9 › Smoke: every live tool page renders without errors › /data/text-diff renders
[211/390] [chromium] › e2e\smoke.spec.ts:6:9 › Smoke: every live tool page renders without errors › /document/markdown-to-html renders
[212/390] [chromium] › e2e\smoke.spec.ts:6:9 › Smoke: every live tool page renders without errors › /document/markdown-to-pdf renders
[213/390] [chromium] › e2e\smoke.spec.ts:6:9 › Smoke: every live tool page renders without errors › /document/txt-to-pdf renders
[214/390] [chromium] › e2e\smoke.spec.ts:6:9 › Smoke: every live tool page renders without errors › /document/txt-to-html renders
[215/390] [chromium] › e2e\smoke.spec.ts:6:9 › Smoke: every live tool page renders without errors › /archive/zip renders
[216/390] [chromium] › e2e\smoke.spec.ts:6:9 › Smoke: every live tool page renders without errors › /archive/unzip renders
[217/390] [chromium] › e2e\theme-and-responsive.spec.ts:4:7 › Dark mode › toggling theme updates the document attribute and persists on reload
[218/390] [chromium] › e2e\theme-and-responsive.spec.ts:21:7 › Responsive layout › no horizontal overflow at common viewport widths
  12) [chromium] › e2e\quality-acceptance.spec.ts:83:7 › PDF merge / reorder › reorder: arrows are labelled per page and move that page 

    Error: browserContext.close: ENOENT: no such file or directory, open 'C:\Users\ravit\Desktop\my projects\thefileconvert\test-results\.playwright-artifacts-15\traces\c5efefa75540449094ea-c64cb71d420c229c4c80-recording10.trace'

    Error Context: test-results\quality-acceptance-PDF-mer-64b2d-per-page-and-move-that-page-chromium\error-context.md

    attachment #2: trace (application/zip) ─────────────────────────────────────────────────────────
    test-results\quality-acceptance-PDF-mer-64b2d-per-page-and-move-that-page-chromium\trace.zip
    Usage:

        npx playwright show-trace test-results\quality-acceptance-PDF-mer-64b2d-per-page-and-move-that-page-chromium\trace.zip

    ────────────────────────────────────────────────────────────────────────────────────────────────


[219/390] [chromium] › e2e\quality-acceptance.spec.ts:94:7 › PDF pages keep their displayed orientation › PDF to images: a page stored rotated 90 degrees comes out landscape
[220/390] [mobile-chromium] › e2e\data-tools.spec.ts:4:7 › Data conversion workflow › converts CSV input to JSON output
[221/390] [mobile-chromium] › e2e\archive-roundtrip.spec.ts:9:7 › Archive round-trip integrity › files zipped then extracted keep their names and exact byte content
[222/390] [mobile-chromium] › e2e\data-tools.spec.ts:29:7 › Data conversion workflow › word counter updates live as you type
[223/390] [mobile-chromium] › e2e\data-tools.spec.ts:35:7 › Data conversion workflow › UUID generator produces well-formed UUIDs
[224/390] [mobile-chromium] › e2e\data-tools.spec.ts:42:7 › Data conversion workflow › CSV to JSON handles quoted commas, escaped quotes, and embedded newlines
[225/390] [chromium] › e2e\quality-acceptance.spec.ts:108:7 › PDF pages keep their displayed orientation › page numbers land at the displayed bottom of a rotated page, not its stored bottom
[226/390] [mobile-chromium] › e2e\data-tools.spec.ts:77:9 › Text and document converters: whitespace-only input counts as empty › /document/txt-to-pdf: spaces, tabs and blank lines show the empty-input message and produce nothing
[227/390] [mobile-chromium] › e2e\data-tools.spec.ts:77:9 › Text and document converters: whitespace-only input counts as empty › /document/markdown-to-pdf: spaces, tabs and blank lines show the empty-input message and produce nothing
[228/390] [mobile-chromium] › e2e\data-tools.spec.ts:77:9 › Text and document converters: whitespace-only input counts as empty › /document/txt-to-html: spaces, tabs and blank lines show the empty-input message and produce nothing
[229/390] [mobile-chromium] › e2e\data-tools.spec.ts:77:9 › Text and document converters: whitespace-only input counts as empty › /document/markdown-to-html: spaces, tabs and blank lines show the empty-input message and produce nothing
[chromium] › e2e\quality-acceptance.spec.ts:108:7 › PDF pages keep their displayed orientation › page numbers land at the displayed bottom of a rotated page, not its stored bottom
Warning: UnknownErrorException: Ensure that the `standardFontDataUrl` API parameter is provided.

Warning: UnknownErrorException: Ensure that the `standardFontDataUrl` API parameter is provided.

Warning: UnknownErrorException: Ensure that the `standardFontDataUrl` API parameter is provided.

[230/390] [mobile-chromium] › e2e\data-tools.spec.ts:77:9 › Text and document converters: whitespace-only input counts as empty › /data/json-formatter: spaces, tabs and blank lines show the empty-input message and produce nothing
[231/390] [mobile-chromium] › e2e\data-tools.spec.ts:77:9 › Text and document converters: whitespace-only input counts as empty › /data/csv-to-json: spaces, tabs and blank lines show the empty-input message and produce nothing
[232/390] [chromium] › e2e\quality-acceptance.spec.ts:125:7 › PDF pages keep their displayed orientation › watermark text the PDF fonts cannot draw gives a plain-language message, not an encoding error
[233/390] [mobile-chromium] › e2e\data-tools.spec.ts:77:9 › Text and document converters: whitespace-only input counts as empty › /data/json-to-csv: spaces, tabs and blank lines show the empty-input message and produce nothing
[234/390] [mobile-chromium] › e2e\data-tools.spec.ts:77:9 › Text and document converters: whitespace-only input counts as empty › /data/xml-formatter: spaces, tabs and blank lines show the empty-input message and produce nothing
[235/390] [mobile-chromium] › e2e\data-tools.spec.ts:77:9 › Text and document converters: whitespace-only input counts as empty › /data/url-encode-decode: spaces, tabs and blank lines show the empty-input message and produce nothing
[236/390] [mobile-chromium] › e2e\data-tools.spec.ts:77:9 › Text and document converters: whitespace-only input counts as empty › /data/case-converter: spaces, tabs and blank lines show the empty-input message and produce nothing
[237/390] [mobile-chromium] › e2e\data-tools.spec.ts:89:7 › Text and document converters: whitespace-only input counts as empty › real content still converts after an empty attempt
[238/390] [mobile-chromium] › e2e\homepage.spec.ts:4:7 › Homepage › loads with hero, drop zone, and no console errors
[239/390] [mobile-chromium] › e2e\homepage.spec.ts:20:7 › Homepage › shows popular tools, categories, and FAQ sections
[240/390] [mobile-chromium] › e2e\homepage.spec.ts:29:7 › Homepage › has no pricing, login, or signup CTAs
[241/390] [mobile-chromium] › e2e\homepage.spec.ts:36:7 › Homepage › footer includes privacy and terms links
[242/390] [mobile-chromium] › e2e\image-convert.spec.ts:9:7 › Image conversion workflow › converts a JPG to a valid PNG
[243/390] [mobile-chromium] › e2e\image-convert.spec.ts:28:7 › Image conversion workflow › rejects a file type the tool doesn't accept
[244/390] [mobile-chromium] › e2e\navigation.spec.ts:4:7 › Navigation › desktop nav links go to the right tool pages
[245/390] [mobile-chromium] › e2e\navigation.spec.ts:12:7 › Navigation › mobile menu opens and navigates
[246/390] [mobile-chromium] › e2e\navigation.spec.ts:22:7 › Navigation › tool search finds a known tool
[247/390] [mobile-chromium] › e2e\navigation.spec.ts:28:7 › Navigation › tool search shows an empty state for nonsense queries
[248/390] [mobile-chromium] › e2e\navigation.spec.ts:34:7 › Navigation › tool status directory lists every tool with a status
[249/390] [mobile-chromium] › e2e\pdf-compress-flate-scan.spec.ts:47:5 › a Flate-encoded scan really shrinks toward a real target, with exact byte counts shown
[250/390] [mobile-chromium] › e2e\data-tools.spec.ts:16:7 › Data conversion workflow › JSON formatter pretty-prints and reports invalid JSON
[251/390] [mobile-chromium] › e2e\pdf-compress-flate-scan.spec.ts:75:5 › a target already met by the free lossless pass is honest: no inflated saving is claimed
[252/390] [mobile-chromium] › e2e\pdf-compress-honesty.spec.ts:8:7 › Target-size PDF compression is honest about what it actually achieved › an already-small PDF: Target reached is shown, and any claimed reduction is real
[253/390] [mobile-chromium] › e2e\pdf-compress-honesty.spec.ts:30:7 › Target-size PDF compression is honest about what it actually achieved › an image-dominated PDF: the search stops at a rung whose real output actually fits the target
[254/390] [mobile-chromium] › e2e\pdf-compress-honesty.spec.ts:56:7 › Target-size PDF compression is honest about what it actually achieved › an impossible target never fakes success: it is labelled Closest safe result and the file still opens
[255/390] [mobile-chromium] › e2e\data-tools.spec.ts:77:9 › Text and document converters: whitespace-only input counts as empty › /data/base64: spaces, tabs and blank lines show the empty-input message and produce nothing
  13) [mobile-chromium] › e2e\pdf-compress-honesty.spec.ts:30:7 › Target-size PDF compression is honest about what it actually achieved › an image-dominated PDF: the search stops at a rung whose real output actually fits the target 

    Error: page.goto: net::ERR_CONNECTION_REFUSED at http://127.0.0.1:3100/pdf/compress
    Call log:
      - navigating to "http://127.0.0.1:3100/pdf/compress", waiting until "load"


      29 |
      30 |   test("an image-dominated PDF: the search stops at a rung whose real output actually fits the target", async ({ page }) => {
    > 31 |     await page.goto("/pdf/compress");
         |                ^
      32 |     await page.locator('input[type="file"]').setInputFiles(path.join(FIXTURES, "with-image.pdf"));
      33 |     await expect(page.getByText(/embedded image/i).first()).toBeVisible({ timeout: 20_000 });
      34 |
        at C:\Users\ravit\Desktop\my projects\thefileconvert\e2e\pdf-compress-honesty.spec.ts:31:16

    Error Context: test-results\pdf-compress-honesty-Targe-31f26-ut-actually-fits-the-target-mobile-chromium\error-context.md

    attachment #2: trace (application/zip) ─────────────────────────────────────────────────────────
    test-results\pdf-compress-honesty-Targe-31f26-ut-actually-fits-the-target-mobile-chromium\trace.zip
    Usage:

        npx playwright show-trace test-results\pdf-compress-honesty-Targe-31f26-ut-actually-fits-the-target-mobile-chromium\trace.zip

    ────────────────────────────────────────────────────────────────────────────────────────────────


  14) [mobile-chromium] › e2e\pdf-compress-honesty.spec.ts:56:7 › Target-size PDF compression is honest about what it actually achieved › an impossible target never fakes success: it is labelled Closest safe result and the file still opens 

    Error: page.goto: net::ERR_CONNECTION_REFUSED at http://127.0.0.1:3100/pdf/compress
    Call log:
      - navigating to "http://127.0.0.1:3100/pdf/compress", waiting until "load"


      55 |
      56 |   test("an impossible target never fakes success: it is labelled Closest safe result and the file still opens", async ({ page }) => {
    > 57 |     await page.goto("/pdf/compress");
         |                ^
      58 |     await page.locator('input[type="file"]').setInputFiles(path.join(FIXTURES, "with-image.pdf"));
      59 |     await expect(page.getByText(/embedded image/i).first()).toBeVisible({ timeout: 20_000 });
      60 |     await page.getByRole("button", { name: "Custom", exact: true }).click();
        at C:\Users\ravit\Desktop\my projects\thefileconvert\e2e\pdf-compress-honesty.spec.ts:57:16

    Error Context: test-results\pdf-compress-honesty-Targe-56908-lt-and-the-file-still-opens-mobile-chromium\error-context.md

    attachment #2: trace (application/zip) ─────────────────────────────────────────────────────────
    test-results\pdf-compress-honesty-Targe-56908-lt-and-the-file-still-opens-mobile-chromium\trace.zip
    Usage:

        npx playwright show-trace test-results\pdf-compress-honesty-Targe-56908-lt-and-the-file-still-opens-mobile-chromium\trace.zip

    ────────────────────────────────────────────────────────────────────────────────────────────────


  15) [mobile-chromium] › e2e\data-tools.spec.ts:77:9 › Text and document converters: whitespace-only input counts as empty › /data/base64: spaces, tabs and blank lines show the empty-input message and produce nothing 

    Error: page.goto: net::ERR_CONNECTION_REFUSED at http://127.0.0.1:3100/data/base64
    Call log:
      - navigating to "http://127.0.0.1:3100/data/base64", waiting until "load"


      76 |   for (const { route, button } of converters) {
      77 |     test(`${route}: spaces, tabs and blank lines show the empty-input message and produce nothing`, async ({ page }) => {
    > 78 |       await page.goto(route);
         |                  ^
      79 |       await page.locator("textarea").first().fill("   \n\t  \n ");
      80 |       await page.getByRole("button", { name: button }).click();
      81 |       await expect(page.getByText("Paste or type some content first.")).toBeVisible();
        at C:\Users\ravit\Desktop\my projects\thefileconvert\e2e\data-tools.spec.ts:78:18

    Error Context: test-results\data-tools-Text-and-docume-dfbb9-message-and-produce-nothing-mobile-chromium\error-context.md

    attachment #2: trace (application/zip) ─────────────────────────────────────────────────────────
    test-results\data-tools-Text-and-docume-dfbb9-message-and-produce-nothing-mobile-chromium\trace.zip
    Usage:

        npx playwright show-trace test-results\data-tools-Text-and-docume-dfbb9-message-and-produce-nothing-mobile-chromium\trace.zip

    ────────────────────────────────────────────────────────────────────────────────────────────────


[256/390] [mobile-chromium] › e2e\pdf-editor-advanced.spec.ts:64:7 › PDF Editor: signature › draws a signature, places and resizes it, and it renders at the intended location after export
[257/390] [mobile-chromium] › e2e\pdf-editor-advanced.spec.ts:145:7 › PDF Editor: image placement › inserts a real PNG image, preserves aspect ratio, and it renders at the placed location
[258/390] [mobile-chromium] › e2e\pdf-editor-advanced.spec.ts:208:7 › PDF Editor: annotations › highlight fills the selected region with a translucent color
  16) [mobile-chromium] › e2e\pdf-editor-advanced.spec.ts:64:7 › PDF Editor: signature › draws a signature, places and resizes it, and it renders at the intended location after export 

    Error: page.goto: net::ERR_CONNECTION_REFUSED at http://127.0.0.1:3100/pdf/editor
    Call log:
      - navigating to "http://127.0.0.1:3100/pdf/editor", waiting until "load"


      19 |
      20 | async function openFile(page: Page, filePath: string) {
    > 21 |   await page.goto("/pdf/editor");
         |              ^
      22 |   await page.locator('input[type="file"]').setInputFiles(filePath);
      23 |   await expect(page.locator('[data-testid="page-surface"]').first()).toBeVisible({ timeout: 15_000 });
      24 |   await page.getByRole("button", { name: "Actual size (100%)" }).click(); // these tests assume 100% (a phone opens fit to width)
        at openFile (C:\Users\ravit\Desktop\my projects\thefileconvert\e2e\pdf-editor-advanced.spec.ts:21:14)
        at C:\Users\ravit\Desktop\my projects\thefileconvert\e2e\pdf-editor-advanced.spec.ts:65:11

    Error Context: test-results\pdf-editor-advanced-PDF-Ed-50750-ended-location-after-export-mobile-chromium\error-context.md

    attachment #2: trace (application/zip) ─────────────────────────────────────────────────────────
    test-results\pdf-editor-advanced-PDF-Ed-50750-ended-location-after-export-mobile-chromium\trace.zip
    Usage:

        npx playwright show-trace test-results\pdf-editor-advanced-PDF-Ed-50750-ended-location-after-export-mobile-chromium\trace.zip

    ────────────────────────────────────────────────────────────────────────────────────────────────


  17) [mobile-chromium] › e2e\pdf-editor-advanced.spec.ts:145:7 › PDF Editor: image placement › inserts a real PNG image, preserves aspect ratio, and it renders at the placed location 

    Error: page.goto: net::ERR_CONNECTION_REFUSED at http://127.0.0.1:3100/pdf/editor
    Call log:
      - navigating to "http://127.0.0.1:3100/pdf/editor", waiting until "load"


      19 |
      20 | async function openFile(page: Page, filePath: string) {
    > 21 |   await page.goto("/pdf/editor");
         |              ^
      22 |   await page.locator('input[type="file"]').setInputFiles(filePath);
      23 |   await expect(page.locator('[data-testid="page-surface"]').first()).toBeVisible({ timeout: 15_000 });
      24 |   await page.getByRole("button", { name: "Actual size (100%)" }).click(); // these tests assume 100% (a phone opens fit to width)
        at openFile (C:\Users\ravit\Desktop\my projects\thefileconvert\e2e\pdf-editor-advanced.spec.ts:21:14)
        at C:\Users\ravit\Desktop\my projects\thefileconvert\e2e\pdf-editor-advanced.spec.ts:146:11

    Error Context: test-results\pdf-editor-advanced-PDF-Ed-5b300-ders-at-the-placed-location-mobile-chromium\error-context.md

    attachment #2: trace (application/zip) ─────────────────────────────────────────────────────────
    test-results\pdf-editor-advanced-PDF-Ed-5b300-ders-at-the-placed-location-mobile-chromium\trace.zip
    Usage:

        npx playwright show-trace test-results\pdf-editor-advanced-PDF-Ed-5b300-ders-at-the-placed-location-mobile-chromium\trace.zip

    ────────────────────────────────────────────────────────────────────────────────────────────────


  18) [mobile-chromium] › e2e\pdf-editor-advanced.spec.ts:208:7 › PDF Editor: annotations › highlight fills the selected region with a translucent color 

    Error: page.goto: net::ERR_CONNECTION_REFUSED at http://127.0.0.1:3100/pdf/editor
    Call log:
      - navigating to "http://127.0.0.1:3100/pdf/editor", waiting until "load"


      19 |
      20 | async function openFile(page: Page, filePath: string) {
    > 21 |   await page.goto("/pdf/editor");
         |              ^
      22 |   await page.locator('input[type="file"]').setInputFiles(filePath);
      23 |   await expect(page.locator('[data-testid="page-surface"]').first()).toBeVisible({ timeout: 15_000 });
      24 |   await page.getByRole("button", { name: "Actual size (100%)" }).click(); // these tests assume 100% (a phone opens fit to width)
        at openFile (C:\Users\ravit\Desktop\my projects\thefileconvert\e2e\pdf-editor-advanced.spec.ts:21:14)
        at C:\Users\ravit\Desktop\my projects\thefileconvert\e2e\pdf-editor-advanced.spec.ts:209:11

    Error Context: test-results\pdf-editor-advanced-PDF-Ed-eb320-on-with-a-translucent-color-mobile-chromium\error-context.md

    attachment #2: trace (application/zip) ─────────────────────────────────────────────────────────
    test-results\pdf-editor-advanced-PDF-Ed-eb320-on-with-a-translucent-color-mobile-chromium\trace.zip
    Usage:

        npx playwright show-trace test-results\pdf-editor-advanced-PDF-Ed-eb320-on-with-a-translucent-color-mobile-chromium\trace.zip

    ────────────────────────────────────────────────────────────────────────────────────────────────


[259/390] [mobile-chromium] › e2e\pdf-editor-advanced.spec.ts:227:7 › PDF Editor: annotations › underline draws a thin line at the bottom of the region, not a fill
  19) [mobile-chromium] › e2e\pdf-editor-advanced.spec.ts:227:7 › PDF Editor: annotations › underline draws a thin line at the bottom of the region, not a fill 

    Error: page.goto: net::ERR_CONNECTION_REFUSED at http://127.0.0.1:3100/pdf/editor
    Call log:
      - navigating to "http://127.0.0.1:3100/pdf/editor", waiting until "load"


      19 |
      20 | async function openFile(page: Page, filePath: string) {
    > 21 |   await page.goto("/pdf/editor");
         |              ^
      22 |   await page.locator('input[type="file"]').setInputFiles(filePath);
      23 |   await expect(page.locator('[data-testid="page-surface"]').first()).toBeVisible({ timeout: 15_000 });
      24 |   await page.getByRole("button", { name: "Actual size (100%)" }).click(); // these tests assume 100% (a phone opens fit to width)
        at openFile (C:\Users\ravit\Desktop\my projects\thefileconvert\e2e\pdf-editor-advanced.spec.ts:21:14)
        at C:\Users\ravit\Desktop\my projects\thefileconvert\e2e\pdf-editor-advanced.spec.ts:228:11

    Error Context: test-results\pdf-editor-advanced-PDF-Ed-11de4-om-of-the-region-not-a-fill-mobile-chromium\error-context.md

    attachment #2: trace (application/zip) ─────────────────────────────────────────────────────────
    test-results\pdf-editor-advanced-PDF-Ed-11de4-om-of-the-region-not-a-fill-mobile-chromium\trace.zip
    Usage:

        npx playwright show-trace test-results\pdf-editor-advanced-PDF-Ed-11de4-om-of-the-region-not-a-fill-mobile-chromium\trace.zip

    ────────────────────────────────────────────────────────────────────────────────────────────────


[260/390] [mobile-chromium] › e2e\pdf-editor-advanced.spec.ts:244:7 › PDF Editor: annotations › strikethrough draws a thin line through the middle of the region
[261/390] [mobile-chromium] › e2e\pdf-editor-advanced.spec.ts:265:7 › PDF Editor: form fill › detects AcroForm fields, edits them, and the values persist in the exported PDF
[262/390] [mobile-chromium] › e2e\pdf-editor-advanced.spec.ts:293:7 › PDF Editor: crop › applies a crop box to the current page and it's reflected in the exported PDF's page box
[263/390] [mobile-chromium] › e2e\pdf-editor-advanced.spec.ts:339:7 › PDF Editor: header/footer › stamps header/footer text with a page-number token onto every page
  20) [mobile-chromium] › e2e\pdf-editor-advanced.spec.ts:265:7 › PDF Editor: form fill › detects AcroForm fields, edits them, and the values persist in the exported PDF 

    Error: page.goto: net::ERR_CONNECTION_REFUSED at http://127.0.0.1:3100/pdf/editor
    Call log:
      - navigating to "http://127.0.0.1:3100/pdf/editor", waiting until "load"


      19 |
      20 | async function openFile(page: Page, filePath: string) {
    > 21 |   await page.goto("/pdf/editor");
         |              ^
      22 |   await page.locator('input[type="file"]').setInputFiles(filePath);
      23 |   await expect(page.locator('[data-testid="page-surface"]').first()).toBeVisible({ timeout: 15_000 });
      24 |   await page.getByRole("button", { name: "Actual size (100%)" }).click(); // these tests assume 100% (a phone opens fit to width)
        at openFile (C:\Users\ravit\Desktop\my projects\thefileconvert\e2e\pdf-editor-advanced.spec.ts:21:14)
        at C:\Users\ravit\Desktop\my projects\thefileconvert\e2e\pdf-editor-advanced.spec.ts:266:11

    Error Context: test-results\pdf-editor-advanced-PDF-Ed-537e3-persist-in-the-exported-PDF-mobile-chromium\error-context.md

    attachment #2: trace (application/zip) ─────────────────────────────────────────────────────────
    test-results\pdf-editor-advanced-PDF-Ed-537e3-persist-in-the-exported-PDF-mobile-chromium\trace.zip
    Usage:

        npx playwright show-trace test-results\pdf-editor-advanced-PDF-Ed-537e3-persist-in-the-exported-PDF-mobile-chromium\trace.zip

    ────────────────────────────────────────────────────────────────────────────────────────────────


  21) [mobile-chromium] › e2e\pdf-editor-advanced.spec.ts:244:7 › PDF Editor: annotations › strikethrough draws a thin line through the middle of the region 

    Error: page.goto: net::ERR_CONNECTION_REFUSED at http://127.0.0.1:3100/pdf/editor
    Call log:
      - navigating to "http://127.0.0.1:3100/pdf/editor", waiting until "load"


      19 |
      20 | async function openFile(page: Page, filePath: string) {
    > 21 |   await page.goto("/pdf/editor");
         |              ^
      22 |   await page.locator('input[type="file"]').setInputFiles(filePath);
      23 |   await expect(page.locator('[data-testid="page-surface"]').first()).toBeVisible({ timeout: 15_000 });
      24 |   await page.getByRole("button", { name: "Actual size (100%)" }).click(); // these tests assume 100% (a phone opens fit to width)
        at openFile (C:\Users\ravit\Desktop\my projects\thefileconvert\e2e\pdf-editor-advanced.spec.ts:21:14)
        at C:\Users\ravit\Desktop\my projects\thefileconvert\e2e\pdf-editor-advanced.spec.ts:245:11

    Error Context: test-results\pdf-editor-advanced-PDF-Ed-4a117-gh-the-middle-of-the-region-mobile-chromium\error-context.md

    attachment #2: trace (application/zip) ─────────────────────────────────────────────────────────
    test-results\pdf-editor-advanced-PDF-Ed-4a117-gh-the-middle-of-the-region-mobile-chromium\trace.zip
    Usage:

        npx playwright show-trace test-results\pdf-editor-advanced-PDF-Ed-4a117-gh-the-middle-of-the-region-mobile-chromium\trace.zip

    ────────────────────────────────────────────────────────────────────────────────────────────────


  22) [mobile-chromium] › e2e\pdf-editor-advanced.spec.ts:293:7 › PDF Editor: crop › applies a crop box to the current page and it's reflected in the exported PDF's page box 

    Error: page.goto: net::ERR_CONNECTION_REFUSED at http://127.0.0.1:3100/pdf/editor
    Call log:
      - navigating to "http://127.0.0.1:3100/pdf/editor", waiting until "load"


      19 |
      20 | async function openFile(page: Page, filePath: string) {
    > 21 |   await page.goto("/pdf/editor");
         |              ^
      22 |   await page.locator('input[type="file"]').setInputFiles(filePath);
      23 |   await expect(page.locator('[data-testid="page-surface"]').first()).toBeVisible({ timeout: 15_000 });
      24 |   await page.getByRole("button", { name: "Actual size (100%)" }).click(); // these tests assume 100% (a phone opens fit to width)
        at openFile (C:\Users\ravit\Desktop\my projects\thefileconvert\e2e\pdf-editor-advanced.spec.ts:21:14)
        at C:\Users\ravit\Desktop\my projects\thefileconvert\e2e\pdf-editor-advanced.spec.ts:294:11

    Error Context: test-results\pdf-editor-advanced-PDF-Ed-15250-the-exported-PDF-s-page-box-mobile-chromium\error-context.md

    attachment #2: trace (application/zip) ─────────────────────────────────────────────────────────
    test-results\pdf-editor-advanced-PDF-Ed-15250-the-exported-PDF-s-page-box-mobile-chromium\trace.zip
    Usage:

        npx playwright show-trace test-results\pdf-editor-advanced-PDF-Ed-15250-the-exported-PDF-s-page-box-mobile-chromium\trace.zip

    ────────────────────────────────────────────────────────────────────────────────────────────────


  23) [mobile-chromium] › e2e\pdf-editor-advanced.spec.ts:339:7 › PDF Editor: header/footer › stamps header/footer text with a page-number token onto every page 

    Error: page.goto: net::ERR_CONNECTION_REFUSED at http://127.0.0.1:3100/pdf/editor
    Call log:
      - navigating to "http://127.0.0.1:3100/pdf/editor", waiting until "load"


      19 |
      20 | async function openFile(page: Page, filePath: string) {
    > 21 |   await page.goto("/pdf/editor");
         |              ^
      22 |   await page.locator('input[type="file"]').setInputFiles(filePath);
      23 |   await expect(page.locator('[data-testid="page-surface"]').first()).toBeVisible({ timeout: 15_000 });
      24 |   await page.getByRole("button", { name: "Actual size (100%)" }).click(); // these tests assume 100% (a phone opens fit to width)
        at openFile (C:\Users\ravit\Desktop\my projects\thefileconvert\e2e\pdf-editor-advanced.spec.ts:21:14)
        at C:\Users\ravit\Desktop\my projects\thefileconvert\e2e\pdf-editor-advanced.spec.ts:340:11

    Error Context: test-results\pdf-editor-advanced-PDF-Ed-44414-umber-token-onto-every-page-mobile-chromium\error-context.md

    attachment #2: trace (application/zip) ─────────────────────────────────────────────────────────
    test-results\pdf-editor-advanced-PDF-Ed-44414-umber-token-onto-every-page-mobile-chromium\trace.zip
    Usage:

        npx playwright show-trace test-results\pdf-editor-advanced-PDF-Ed-44414-umber-token-onto-every-page-mobile-chromium\trace.zip

    ────────────────────────────────────────────────────────────────────────────────────────────────


[264/390] [mobile-chromium] › e2e\pdf-editor-interaction.spec.ts:64:7 › PDF Editor: drag previews follow the pointer › the live preview box sits exactly under the pointer while dragging (not at the page's top-left)
[265/390] [mobile-chromium] › e2e\pdf-editor-interaction.spec.ts:86:7 › PDF Editor: drag previews follow the pointer › a drag started on top of the page's text still draws (the text hit-target doesn't swallow it)
[266/390] [mobile-chromium] › e2e\pdf-editor-interaction.spec.ts:95:7 › PDF Editor: drag previews follow the pointer › placement is exact (0px) at different zooms, when scrolled, and on a rotated page
[267/390] [mobile-chromium] › e2e\pdf-editor-interaction.spec.ts:123:7 › PDF Editor: tools stay armed for repeated use › highlight, underline and strikethrough each work several times in a row without reselecting
  24) [mobile-chromium] › e2e\pdf-editor-interaction.spec.ts:64:7 › PDF Editor: drag previews follow the pointer › the live preview box sits exactly under the pointer while dragging (not at the page's top-left) 

    Error: page.goto: net::ERR_CONNECTION_REFUSED at http://127.0.0.1:3100/pdf/editor
    Call log:
      - navigating to "http://127.0.0.1:3100/pdf/editor", waiting until "load"


      12 |
      13 | async function openFile(page: Page, filePath: string, { actualSize = true } = {}) {
    > 14 |   await page.goto("/pdf/editor");
         |              ^
      15 |   await page.locator('input[type="file"]').setInputFiles(filePath);
      16 |   await expect(page.locator('[data-testid="page-surface"]').first()).toBeVisible({ timeout: 15_000 });
      17 |   // A phone opens the page fit to its width; most of these tests measure against 100%.
        at openFile (C:\Users\ravit\Desktop\my projects\thefileconvert\e2e\pdf-editor-interaction.spec.ts:14:14)
        at C:\Users\ravit\Desktop\my projects\thefileconvert\e2e\pdf-editor-interaction.spec.ts:65:11

    Error Context: test-results\pdf-editor-interaction-PDF-668c3-not-at-the-page-s-top-left--mobile-chromium\error-context.md

    attachment #2: trace (application/zip) ─────────────────────────────────────────────────────────
    test-results\pdf-editor-interaction-PDF-668c3-not-at-the-page-s-top-left--mobile-chromium\trace.zip
    Usage:

        npx playwright show-trace test-results\pdf-editor-interaction-PDF-668c3-not-at-the-page-s-top-left--mobile-chromium\trace.zip

    ────────────────────────────────────────────────────────────────────────────────────────────────


  25) [mobile-chromium] › e2e\pdf-editor-interaction.spec.ts:86:7 › PDF Editor: drag previews follow the pointer › a drag started on top of the page's text still draws (the text hit-target doesn't swallow it) 

    Error: page.goto: net::ERR_CONNECTION_REFUSED at http://127.0.0.1:3100/pdf/editor
    Call log:
      - navigating to "http://127.0.0.1:3100/pdf/editor", waiting until "load"


      12 |
      13 | async function openFile(page: Page, filePath: string, { actualSize = true } = {}) {
    > 14 |   await page.goto("/pdf/editor");
         |              ^
      15 |   await page.locator('input[type="file"]').setInputFiles(filePath);
      16 |   await expect(page.locator('[data-testid="page-surface"]').first()).toBeVisible({ timeout: 15_000 });
      17 |   // A phone opens the page fit to its width; most of these tests measure against 100%.
        at openFile (C:\Users\ravit\Desktop\my projects\thefileconvert\e2e\pdf-editor-interaction.spec.ts:14:14)
        at C:\Users\ravit\Desktop\my projects\thefileconvert\e2e\pdf-editor-interaction.spec.ts:87:11

    Error Context: test-results\pdf-editor-interaction-PDF-cf442--target-doesn-t-swallow-it--mobile-chromium\error-context.md

    attachment #2: trace (application/zip) ─────────────────────────────────────────────────────────
    test-results\pdf-editor-interaction-PDF-cf442--target-doesn-t-swallow-it--mobile-chromium\trace.zip
    Usage:

        npx playwright show-trace test-results\pdf-editor-interaction-PDF-cf442--target-doesn-t-swallow-it--mobile-chromium\trace.zip

    ────────────────────────────────────────────────────────────────────────────────────────────────


  26) [mobile-chromium] › e2e\pdf-editor-interaction.spec.ts:95:7 › PDF Editor: drag previews follow the pointer › placement is exact (0px) at different zooms, when scrolled, and on a rotated page 

    Error: page.goto: net::ERR_CONNECTION_REFUSED at http://127.0.0.1:3100/pdf/editor
    Call log:
      - navigating to "http://127.0.0.1:3100/pdf/editor", waiting until "load"


      12 |
      13 | async function openFile(page: Page, filePath: string, { actualSize = true } = {}) {
    > 14 |   await page.goto("/pdf/editor");
         |              ^
      15 |   await page.locator('input[type="file"]').setInputFiles(filePath);
      16 |   await expect(page.locator('[data-testid="page-surface"]').first()).toBeVisible({ timeout: 15_000 });
      17 |   // A phone opens the page fit to its width; most of these tests measure against 100%.
        at openFile (C:\Users\ravit\Desktop\my projects\thefileconvert\e2e\pdf-editor-interaction.spec.ts:14:14)
        at C:\Users\ravit\Desktop\my projects\thefileconvert\e2e\pdf-editor-interaction.spec.ts:96:11

    Error Context: test-results\pdf-editor-interaction-PDF-231c7-olled-and-on-a-rotated-page-mobile-chromium\error-context.md

    attachment #2: trace (application/zip) ─────────────────────────────────────────────────────────
    test-results\pdf-editor-interaction-PDF-231c7-olled-and-on-a-rotated-page-mobile-chromium\trace.zip
    Usage:

        npx playwright show-trace test-results\pdf-editor-interaction-PDF-231c7-olled-and-on-a-rotated-page-mobile-chromium\trace.zip

    ────────────────────────────────────────────────────────────────────────────────────────────────


  27) [mobile-chromium] › e2e\pdf-editor-interaction.spec.ts:123:7 › PDF Editor: tools stay armed for repeated use › highlight, underline and strikethrough each work several times in a row without reselecting 

    Error: page.goto: net::ERR_CONNECTION_REFUSED at http://127.0.0.1:3100/pdf/editor
    Call log:
      - navigating to "http://127.0.0.1:3100/pdf/editor", waiting until "load"


      12 |
      13 | async function openFile(page: Page, filePath: string, { actualSize = true } = {}) {
    > 14 |   await page.goto("/pdf/editor");
         |              ^
      15 |   await page.locator('input[type="file"]').setInputFiles(filePath);
      16 |   await expect(page.locator('[data-testid="page-surface"]').first()).toBeVisible({ timeout: 15_000 });
      17 |   // A phone opens the page fit to its width; most of these tests measure against 100%.
        at openFile (C:\Users\ravit\Desktop\my projects\thefileconvert\e2e\pdf-editor-interaction.spec.ts:14:14)
        at C:\Users\ravit\Desktop\my projects\thefileconvert\e2e\pdf-editor-interaction.spec.ts:124:11

    Error Context: test-results\pdf-editor-interaction-PDF-9e7cc-n-a-row-without-reselecting-mobile-chromium\error-context.md

    attachment #2: trace (application/zip) ─────────────────────────────────────────────────────────
    test-results\pdf-editor-interaction-PDF-9e7cc-n-a-row-without-reselecting-mobile-chromium\trace.zip
    Usage:

        npx playwright show-trace test-results\pdf-editor-interaction-PDF-9e7cc-n-a-row-without-reselecting-mobile-chromium\trace.zip

    ────────────────────────────────────────────────────────────────────────────────────────────────


[268/390] [mobile-chromium] › e2e\pdf-editor-interaction.spec.ts:134:7 › PDF Editor: tools stay armed for repeated use › Escape leaves the tool; a stray click without dragging doesn't create anything or drop the tool
[269/390] [mobile-chromium] › e2e\pdf-editor-interaction.spec.ts:147:7 › PDF Editor: freehand drawing › the stroke is visible while the pointer is still down, and the tool stays armed
[270/390] [mobile-chromium] › e2e\pdf-editor-interaction.spec.ts:166:7 › PDF Editor: text is edited directly on the page › place text, type a sentence continuously, edit inside it, and it exports where it shows
[271/390] [mobile-chromium] › e2e\pdf-editor-interaction.spec.ts:201:7 › PDF Editor: text is edited directly on the page › clicking an already-selected text box (or double-clicking) re-enters editing; typing is one undo step
  28) [mobile-chromium] › e2e\pdf-editor-interaction.spec.ts:134:7 › PDF Editor: tools stay armed for repeated use › Escape leaves the tool; a stray click without dragging doesn't create anything or drop the tool 

    Error: page.goto: net::ERR_CONNECTION_REFUSED at http://127.0.0.1:3100/pdf/editor
    Call log:
      - navigating to "http://127.0.0.1:3100/pdf/editor", waiting until "load"


      12 |
      13 | async function openFile(page: Page, filePath: string, { actualSize = true } = {}) {
    > 14 |   await page.goto("/pdf/editor");
         |              ^
      15 |   await page.locator('input[type="file"]').setInputFiles(filePath);
      16 |   await expect(page.locator('[data-testid="page-surface"]').first()).toBeVisible({ timeout: 15_000 });
      17 |   // A phone opens the page fit to its width; most of these tests measure against 100%.
        at openFile (C:\Users\ravit\Desktop\my projects\thefileconvert\e2e\pdf-editor-interaction.spec.ts:14:14)
        at C:\Users\ravit\Desktop\my projects\thefileconvert\e2e\pdf-editor-interaction.spec.ts:135:11

    Error Context: test-results\pdf-editor-interaction-PDF-01501-e-anything-or-drop-the-tool-mobile-chromium\error-context.md

    attachment #2: trace (application/zip) ─────────────────────────────────────────────────────────
    test-results\pdf-editor-interaction-PDF-01501-e-anything-or-drop-the-tool-mobile-chromium\trace.zip
    Usage:

        npx playwright show-trace test-results\pdf-editor-interaction-PDF-01501-e-anything-or-drop-the-tool-mobile-chromium\trace.zip

    ────────────────────────────────────────────────────────────────────────────────────────────────


  29) [mobile-chromium] › e2e\pdf-editor-interaction.spec.ts:166:7 › PDF Editor: text is edited directly on the page › place text, type a sentence continuously, edit inside it, and it exports where it shows 

    Error: page.goto: net::ERR_CONNECTION_REFUSED at http://127.0.0.1:3100/pdf/editor
    Call log:
      - navigating to "http://127.0.0.1:3100/pdf/editor", waiting until "load"


      12 |
      13 | async function openFile(page: Page, filePath: string, { actualSize = true } = {}) {
    > 14 |   await page.goto("/pdf/editor");
         |              ^
      15 |   await page.locator('input[type="file"]').setInputFiles(filePath);
      16 |   await expect(page.locator('[data-testid="page-surface"]').first()).toBeVisible({ timeout: 15_000 });
      17 |   // A phone opens the page fit to its width; most of these tests measure against 100%.
        at openFile (C:\Users\ravit\Desktop\my projects\thefileconvert\e2e\pdf-editor-interaction.spec.ts:14:14)
        at C:\Users\ravit\Desktop\my projects\thefileconvert\e2e\pdf-editor-interaction.spec.ts:167:11

    Error Context: test-results\pdf-editor-interaction-PDF-bc214-d-it-exports-where-it-shows-mobile-chromium\error-context.md

    attachment #2: trace (application/zip) ─────────────────────────────────────────────────────────
    test-results\pdf-editor-interaction-PDF-bc214-d-it-exports-where-it-shows-mobile-chromium\trace.zip
    Usage:

        npx playwright show-trace test-results\pdf-editor-interaction-PDF-bc214-d-it-exports-where-it-shows-mobile-chromium\trace.zip

    ────────────────────────────────────────────────────────────────────────────────────────────────


  30) [mobile-chromium] › e2e\pdf-editor-interaction.spec.ts:147:7 › PDF Editor: freehand drawing › the stroke is visible while the pointer is still down, and the tool stays armed 

    Error: page.goto: net::ERR_CONNECTION_REFUSED at http://127.0.0.1:3100/pdf/editor
    Call log:
      - navigating to "http://127.0.0.1:3100/pdf/editor", waiting until "load"


      12 |
      13 | async function openFile(page: Page, filePath: string, { actualSize = true } = {}) {
    > 14 |   await page.goto("/pdf/editor");
         |              ^
      15 |   await page.locator('input[type="file"]').setInputFiles(filePath);
      16 |   await expect(page.locator('[data-testid="page-surface"]').first()).toBeVisible({ timeout: 15_000 });
      17 |   // A phone opens the page fit to its width; most of these tests measure against 100%.
        at openFile (C:\Users\ravit\Desktop\my projects\thefileconvert\e2e\pdf-editor-interaction.spec.ts:14:14)
        at C:\Users\ravit\Desktop\my projects\thefileconvert\e2e\pdf-editor-interaction.spec.ts:148:11

    Error Context: test-results\pdf-editor-interaction-PDF-0ddef-wn-and-the-tool-stays-armed-mobile-chromium\error-context.md

    attachment #2: trace (application/zip) ─────────────────────────────────────────────────────────
    test-results\pdf-editor-interaction-PDF-0ddef-wn-and-the-tool-stays-armed-mobile-chromium\trace.zip
    Usage:

        npx playwright show-trace test-results\pdf-editor-interaction-PDF-0ddef-wn-and-the-tool-stays-armed-mobile-chromium\trace.zip

    ────────────────────────────────────────────────────────────────────────────────────────────────


  31) [mobile-chromium] › e2e\pdf-editor-interaction.spec.ts:201:7 › PDF Editor: text is edited directly on the page › clicking an already-selected text box (or double-clicking) re-enters editing; typing is one undo step 

    Error: page.goto: net::ERR_CONNECTION_REFUSED at http://127.0.0.1:3100/pdf/editor
    Call log:
      - navigating to "http://127.0.0.1:3100/pdf/editor", waiting until "load"


      12 |
      13 | async function openFile(page: Page, filePath: string, { actualSize = true } = {}) {
    > 14 |   await page.goto("/pdf/editor");
         |              ^
      15 |   await page.locator('input[type="file"]').setInputFiles(filePath);
      16 |   await expect(page.locator('[data-testid="page-surface"]').first()).toBeVisible({ timeout: 15_000 });
      17 |   // A phone opens the page fit to its width; most of these tests measure against 100%.
        at openFile (C:\Users\ravit\Desktop\my projects\thefileconvert\e2e\pdf-editor-interaction.spec.ts:14:14)
        at C:\Users\ravit\Desktop\my projects\thefileconvert\e2e\pdf-editor-interaction.spec.ts:202:11

    Error Context: test-results\pdf-editor-interaction-PDF-b992c-ing-typing-is-one-undo-step-mobile-chromium\error-context.md

    attachment #2: trace (application/zip) ─────────────────────────────────────────────────────────
    test-results\pdf-editor-interaction-PDF-b992c-ing-typing-is-one-undo-step-mobile-chromium\trace.zip
    Usage:

        npx playwright show-trace test-results\pdf-editor-interaction-PDF-b992c-ing-typing-is-one-undo-step-mobile-chromium\trace.zip

    ────────────────────────────────────────────────────────────────────────────────────────────────


[272/390] [mobile-chromium] › e2e\pdf-editor-interaction.spec.ts:218:7 › PDF Editor: text is edited directly on the page › the selected text's color and size are edited from the panel, and Delete removes it
[273/390] [mobile-chromium] › e2e\pdf-editor-interaction.spec.ts:240:7 › PDF Editor: text is edited directly on the page › typing into the properties-panel text box isn't cut off after one character
[274/390] [mobile-chromium] › e2e\pdf-editor-interaction.spec.ts:259:7 › PDF Editor: shapes, images, crop, search, pages › a line dragged down-right exports down-right, and matches what's on screen
[275/390] [mobile-chromium] › e2e\pdf-editor-interaction.spec.ts:287:7 › PDF Editor: shapes, images, crop, search, pages › a resized picture keeps its proportions (screen and export agree)
  32) [mobile-chromium] › e2e\pdf-editor-interaction.spec.ts:240:7 › PDF Editor: text is edited directly on the page › typing into the properties-panel text box isn't cut off after one character 

    Error: page.goto: net::ERR_CONNECTION_REFUSED at http://127.0.0.1:3100/pdf/editor
    Call log:
      - navigating to "http://127.0.0.1:3100/pdf/editor", waiting until "load"


      12 |
      13 | async function openFile(page: Page, filePath: string, { actualSize = true } = {}) {
    > 14 |   await page.goto("/pdf/editor");
         |              ^
      15 |   await page.locator('input[type="file"]').setInputFiles(filePath);
      16 |   await expect(page.locator('[data-testid="page-surface"]').first()).toBeVisible({ timeout: 15_000 });
      17 |   // A phone opens the page fit to its width; most of these tests measure against 100%.
        at openFile (C:\Users\ravit\Desktop\my projects\thefileconvert\e2e\pdf-editor-interaction.spec.ts:14:14)
        at C:\Users\ravit\Desktop\my projects\thefileconvert\e2e\pdf-editor-interaction.spec.ts:241:11

    Error Context: test-results\pdf-editor-interaction-PDF-932c8-cut-off-after-one-character-mobile-chromium\error-context.md

    attachment #2: trace (application/zip) ─────────────────────────────────────────────────────────
    test-results\pdf-editor-interaction-PDF-932c8-cut-off-after-one-character-mobile-chromium\trace.zip
    Usage:

        npx playwright show-trace test-results\pdf-editor-interaction-PDF-932c8-cut-off-after-one-character-mobile-chromium\trace.zip

    ────────────────────────────────────────────────────────────────────────────────────────────────


  33) [mobile-chromium] › e2e\pdf-editor-interaction.spec.ts:259:7 › PDF Editor: shapes, images, crop, search, pages › a line dragged down-right exports down-right, and matches what's on screen 

    Error: page.goto: net::ERR_CONNECTION_REFUSED at http://127.0.0.1:3100/pdf/editor
    Call log:
      - navigating to "http://127.0.0.1:3100/pdf/editor", waiting until "load"


      12 |
      13 | async function openFile(page: Page, filePath: string, { actualSize = true } = {}) {
    > 14 |   await page.goto("/pdf/editor");
         |              ^
      15 |   await page.locator('input[type="file"]').setInputFiles(filePath);
      16 |   await expect(page.locator('[data-testid="page-surface"]').first()).toBeVisible({ timeout: 15_000 });
      17 |   // A phone opens the page fit to its width; most of these tests measure against 100%.
        at openFile (C:\Users\ravit\Desktop\my projects\thefileconvert\e2e\pdf-editor-interaction.spec.ts:14:14)
        at C:\Users\ravit\Desktop\my projects\thefileconvert\e2e\pdf-editor-interaction.spec.ts:260:11

    Error Context: test-results\pdf-editor-interaction-PDF-691bf-nd-matches-what-s-on-screen-mobile-chromium\error-context.md

    attachment #2: trace (application/zip) ─────────────────────────────────────────────────────────
    test-results\pdf-editor-interaction-PDF-691bf-nd-matches-what-s-on-screen-mobile-chromium\trace.zip
    Usage:

        npx playwright show-trace test-results\pdf-editor-interaction-PDF-691bf-nd-matches-what-s-on-screen-mobile-chromium\trace.zip

    ────────────────────────────────────────────────────────────────────────────────────────────────


  34) [mobile-chromium] › e2e\pdf-editor-interaction.spec.ts:218:7 › PDF Editor: text is edited directly on the page › the selected text's color and size are edited from the panel, and Delete removes it 

    Error: page.goto: net::ERR_CONNECTION_REFUSED at http://127.0.0.1:3100/pdf/editor
    Call log:
      - navigating to "http://127.0.0.1:3100/pdf/editor", waiting until "load"


      12 |
      13 | async function openFile(page: Page, filePath: string, { actualSize = true } = {}) {
    > 14 |   await page.goto("/pdf/editor");
         |              ^
      15 |   await page.locator('input[type="file"]').setInputFiles(filePath);
      16 |   await expect(page.locator('[data-testid="page-surface"]').first()).toBeVisible({ timeout: 15_000 });
      17 |   // A phone opens the page fit to its width; most of these tests measure against 100%.
        at openFile (C:\Users\ravit\Desktop\my projects\thefileconvert\e2e\pdf-editor-interaction.spec.ts:14:14)
        at C:\Users\ravit\Desktop\my projects\thefileconvert\e2e\pdf-editor-interaction.spec.ts:219:11

    Error Context: test-results\pdf-editor-interaction-PDF-830ae-panel-and-Delete-removes-it-mobile-chromium\error-context.md

    attachment #2: trace (application/zip) ─────────────────────────────────────────────────────────
    test-results\pdf-editor-interaction-PDF-830ae-panel-and-Delete-removes-it-mobile-chromium\trace.zip
    Usage:

        npx playwright show-trace test-results\pdf-editor-interaction-PDF-830ae-panel-and-Delete-removes-it-mobile-chromium\trace.zip

    ────────────────────────────────────────────────────────────────────────────────────────────────


  35) [mobile-chromium] › e2e\pdf-editor-interaction.spec.ts:287:7 › PDF Editor: shapes, images, crop, search, pages › a resized picture keeps its proportions (screen and export agree) 

    Error: page.goto: net::ERR_CONNECTION_REFUSED at http://127.0.0.1:3100/pdf/editor
    Call log:
      - navigating to "http://127.0.0.1:3100/pdf/editor", waiting until "load"


      12 |
      13 | async function openFile(page: Page, filePath: string, { actualSize = true } = {}) {
    > 14 |   await page.goto("/pdf/editor");
         |              ^
      15 |   await page.locator('input[type="file"]').setInputFiles(filePath);
      16 |   await expect(page.locator('[data-testid="page-surface"]').first()).toBeVisible({ timeout: 15_000 });
      17 |   // A phone opens the page fit to its width; most of these tests measure against 100%.
        at openFile (C:\Users\ravit\Desktop\my projects\thefileconvert\e2e\pdf-editor-interaction.spec.ts:14:14)
        at C:\Users\ravit\Desktop\my projects\thefileconvert\e2e\pdf-editor-interaction.spec.ts:288:11

    Error Context: test-results\pdf-editor-interaction-PDF-1268b-ns-screen-and-export-agree--mobile-chromium\error-context.md

    attachment #2: trace (application/zip) ─────────────────────────────────────────────────────────
    test-results\pdf-editor-interaction-PDF-1268b-ns-screen-and-export-agree--mobile-chromium\trace.zip
    Usage:

        npx playwright show-trace test-results\pdf-editor-interaction-PDF-1268b-ns-screen-and-export-agree--mobile-chromium\trace.zip

    ────────────────────────────────────────────────────────────────────────────────────────────────


[276/390] [mobile-chromium] › e2e\pdf-editor-interaction.spec.ts:307:7 › PDF Editor: shapes, images, crop, search, pages › a crop area can be adjusted by its handles, is kept on the page, and applied from the action bar
[277/390] [mobile-chromium] › e2e\pdf-editor-interaction.spec.ts:334:7 › PDF Editor: shapes, images, crop, search, pages › search covers every page from the start and Next/Prev jump to the match
[278/390] [mobile-chromium] › e2e\pdf-editor-interaction.spec.ts:360:7 › PDF Editor: shapes, images, crop, search, pages › Whiteout shows the not-secure-redaction warning while it's the active tool
[279/390] [mobile-chromium] › e2e\pdf-editor-interaction.spec.ts:349:7 › PDF Editor: shapes, images, crop, search, pages › pages can be moved with the Move up/down buttons (works without dragging)
  36) [mobile-chromium] › e2e\pdf-editor-interaction.spec.ts:334:7 › PDF Editor: shapes, images, crop, search, pages › search covers every page from the start and Next/Prev jump to the match 

    Error: page.goto: net::ERR_CONNECTION_REFUSED at http://127.0.0.1:3100/pdf/editor
    Call log:
      - navigating to "http://127.0.0.1:3100/pdf/editor", waiting until "load"


      12 |
      13 | async function openFile(page: Page, filePath: string, { actualSize = true } = {}) {
    > 14 |   await page.goto("/pdf/editor");
         |              ^
      15 |   await page.locator('input[type="file"]').setInputFiles(filePath);
      16 |   await expect(page.locator('[data-testid="page-surface"]').first()).toBeVisible({ timeout: 15_000 });
      17 |   // A phone opens the page fit to its width; most of these tests measure against 100%.
        at openFile (C:\Users\ravit\Desktop\my projects\thefileconvert\e2e\pdf-editor-interaction.spec.ts:14:14)
        at C:\Users\ravit\Desktop\my projects\thefileconvert\e2e\pdf-editor-interaction.spec.ts:335:11

    Error Context: test-results\pdf-editor-interaction-PDF-3c8ef-Next-Prev-jump-to-the-match-mobile-chromium\error-context.md

    attachment #2: trace (application/zip) ─────────────────────────────────────────────────────────
    test-results\pdf-editor-interaction-PDF-3c8ef-Next-Prev-jump-to-the-match-mobile-chromium\trace.zip
    Usage:

        npx playwright show-trace test-results\pdf-editor-interaction-PDF-3c8ef-Next-Prev-jump-to-the-match-mobile-chromium\trace.zip

    ────────────────────────────────────────────────────────────────────────────────────────────────


  37) [mobile-chromium] › e2e\pdf-editor-interaction.spec.ts:307:7 › PDF Editor: shapes, images, crop, search, pages › a crop area can be adjusted by its handles, is kept on the page, and applied from the action bar 

    Error: page.goto: net::ERR_CONNECTION_REFUSED at http://127.0.0.1:3100/pdf/editor
    Call log:
      - navigating to "http://127.0.0.1:3100/pdf/editor", waiting until "load"


      12 |
      13 | async function openFile(page: Page, filePath: string, { actualSize = true } = {}) {
    > 14 |   await page.goto("/pdf/editor");
         |              ^
      15 |   await page.locator('input[type="file"]').setInputFiles(filePath);
      16 |   await expect(page.locator('[data-testid="page-surface"]').first()).toBeVisible({ timeout: 15_000 });
      17 |   // A phone opens the page fit to its width; most of these tests measure against 100%.
        at openFile (C:\Users\ravit\Desktop\my projects\thefileconvert\e2e\pdf-editor-interaction.spec.ts:14:14)
        at C:\Users\ravit\Desktop\my projects\thefileconvert\e2e\pdf-editor-interaction.spec.ts:308:15

    Error Context: test-results\pdf-editor-interaction-PDF-51289-applied-from-the-action-bar-mobile-chromium\error-context.md

    attachment #2: trace (application/zip) ─────────────────────────────────────────────────────────
    test-results\pdf-editor-interaction-PDF-51289-applied-from-the-action-bar-mobile-chromium\trace.zip
    Usage:

        npx playwright show-trace test-results\pdf-editor-interaction-PDF-51289-applied-from-the-action-bar-mobile-chromium\trace.zip

    ────────────────────────────────────────────────────────────────────────────────────────────────


  38) [mobile-chromium] › e2e\pdf-editor-interaction.spec.ts:360:7 › PDF Editor: shapes, images, crop, search, pages › Whiteout shows the not-secure-redaction warning while it's the active tool 

    Error: page.goto: net::ERR_CONNECTION_REFUSED at http://127.0.0.1:3100/pdf/editor
    Call log:
      - navigating to "http://127.0.0.1:3100/pdf/editor", waiting until "load"


      12 |
      13 | async function openFile(page: Page, filePath: string, { actualSize = true } = {}) {
    > 14 |   await page.goto("/pdf/editor");
         |              ^
      15 |   await page.locator('input[type="file"]').setInputFiles(filePath);
      16 |   await expect(page.locator('[data-testid="page-surface"]').first()).toBeVisible({ timeout: 15_000 });
      17 |   // A phone opens the page fit to its width; most of these tests measure against 100%.
        at openFile (C:\Users\ravit\Desktop\my projects\thefileconvert\e2e\pdf-editor-interaction.spec.ts:14:14)
        at C:\Users\ravit\Desktop\my projects\thefileconvert\e2e\pdf-editor-interaction.spec.ts:361:11

    Error Context: test-results\pdf-editor-interaction-PDF-604f6--while-it-s-the-active-tool-mobile-chromium\error-context.md

    attachment #2: trace (application/zip) ─────────────────────────────────────────────────────────
    test-results\pdf-editor-interaction-PDF-604f6--while-it-s-the-active-tool-mobile-chromium\trace.zip
    Usage:

        npx playwright show-trace test-results\pdf-editor-interaction-PDF-604f6--while-it-s-the-active-tool-mobile-chromium\trace.zip

    ────────────────────────────────────────────────────────────────────────────────────────────────


  39) [mobile-chromium] › e2e\pdf-editor-interaction.spec.ts:349:7 › PDF Editor: shapes, images, crop, search, pages › pages can be moved with the Move up/down buttons (works without dragging) 

    Error: page.goto: net::ERR_CONNECTION_REFUSED at http://127.0.0.1:3100/pdf/editor
    Call log:
      - navigating to "http://127.0.0.1:3100/pdf/editor", waiting until "load"


      12 |
      13 | async function openFile(page: Page, filePath: string, { actualSize = true } = {}) {
    > 14 |   await page.goto("/pdf/editor");
         |              ^
      15 |   await page.locator('input[type="file"]').setInputFiles(filePath);
      16 |   await expect(page.locator('[data-testid="page-surface"]').first()).toBeVisible({ timeout: 15_000 });
      17 |   // A phone opens the page fit to its width; most of these tests measure against 100%.
        at openFile (C:\Users\ravit\Desktop\my projects\thefileconvert\e2e\pdf-editor-interaction.spec.ts:14:14)
        at C:\Users\ravit\Desktop\my projects\thefileconvert\e2e\pdf-editor-interaction.spec.ts:350:11

    Error Context: test-results\pdf-editor-interaction-PDF-8bfd0-ons-works-without-dragging--mobile-chromium\error-context.md

    attachment #2: trace (application/zip) ─────────────────────────────────────────────────────────
    test-results\pdf-editor-interaction-PDF-8bfd0-ons-works-without-dragging--mobile-chromium\trace.zip
    Usage:

        npx playwright show-trace test-results\pdf-editor-interaction-PDF-8bfd0-ons-works-without-dragging--mobile-chromium\trace.zip

    ────────────────────────────────────────────────────────────────────────────────────────────────


[280/390] [mobile-chromium] › e2e\pdf-editor-interaction.spec.ts:370:7 › PDF Editor: added text on a rotated page › keeps its layout (one line, real width) and turns with the page instead of wrapping into a sliver
[281/390] [mobile-chromium] › e2e\pdf-editor-interaction.spec.ts:394:7 › PDF Editor: underline and strikethrough as a flat drag › dragging straight along a line (almost no height) still creates the underline / strikethrough
[282/390] [mobile-chromium] › e2e\pdf-editor-interaction.spec.ts:414:7 › PDF Editor: typing right after placing text › the first character typed immediately after clicking is not lost
[283/390] [mobile-chromium] › e2e\pdf-editor-interaction.spec.ts:425:7 › PDF Editor: pages that carry a CropBox › the page is laid out on its visible (cropped) area, and the crop survives a round trip
  40) [mobile-chromium] › e2e\pdf-editor-interaction.spec.ts:370:7 › PDF Editor: added text on a rotated page › keeps its layout (one line, real width) and turns with the page instead of wrapping into a sliver 

    Error: page.goto: net::ERR_CONNECTION_REFUSED at http://127.0.0.1:3100/pdf/editor
    Call log:
      - navigating to "http://127.0.0.1:3100/pdf/editor", waiting until "load"


      12 |
      13 | async function openFile(page: Page, filePath: string, { actualSize = true } = {}) {
    > 14 |   await page.goto("/pdf/editor");
         |              ^
      15 |   await page.locator('input[type="file"]').setInputFiles(filePath);
      16 |   await expect(page.locator('[data-testid="page-surface"]').first()).toBeVisible({ timeout: 15_000 });
      17 |   // A phone opens the page fit to its width; most of these tests measure against 100%.
        at openFile (C:\Users\ravit\Desktop\my projects\thefileconvert\e2e\pdf-editor-interaction.spec.ts:14:14)
        at C:\Users\ravit\Desktop\my projects\thefileconvert\e2e\pdf-editor-interaction.spec.ts:371:11

    Error Context: test-results\pdf-editor-interaction-PDF-0cc21-d-of-wrapping-into-a-sliver-mobile-chromium\error-context.md

    attachment #2: trace (application/zip) ─────────────────────────────────────────────────────────
    test-results\pdf-editor-interaction-PDF-0cc21-d-of-wrapping-into-a-sliver-mobile-chromium\trace.zip
    Usage:

        npx playwright show-trace test-results\pdf-editor-interaction-PDF-0cc21-d-of-wrapping-into-a-sliver-mobile-chromium\trace.zip

    ────────────────────────────────────────────────────────────────────────────────────────────────


  41) [mobile-chromium] › e2e\pdf-editor-interaction.spec.ts:425:7 › PDF Editor: pages that carry a CropBox › the page is laid out on its visible (cropped) area, and the crop survives a round trip 

    Error: page.goto: net::ERR_CONNECTION_REFUSED at http://127.0.0.1:3100/pdf/editor
    Call log:
      - navigating to "http://127.0.0.1:3100/pdf/editor", waiting until "load"


      12 |
      13 | async function openFile(page: Page, filePath: string, { actualSize = true } = {}) {
    > 14 |   await page.goto("/pdf/editor");
         |              ^
      15 |   await page.locator('input[type="file"]').setInputFiles(filePath);
      16 |   await expect(page.locator('[data-testid="page-surface"]').first()).toBeVisible({ timeout: 15_000 });
      17 |   // A phone opens the page fit to its width; most of these tests measure against 100%.
        at openFile (C:\Users\ravit\Desktop\my projects\thefileconvert\e2e\pdf-editor-interaction.spec.ts:14:14)
        at C:\Users\ravit\Desktop\my projects\thefileconvert\e2e\pdf-editor-interaction.spec.ts:432:11

    Error Context: test-results\pdf-editor-interaction-PDF-c3a7e--crop-survives-a-round-trip-mobile-chromium\error-context.md

    attachment #2: trace (application/zip) ─────────────────────────────────────────────────────────
    test-results\pdf-editor-interaction-PDF-c3a7e--crop-survives-a-round-trip-mobile-chromium\trace.zip
    Usage:

        npx playwright show-trace test-results\pdf-editor-interaction-PDF-c3a7e--crop-survives-a-round-trip-mobile-chromium\trace.zip

    ────────────────────────────────────────────────────────────────────────────────────────────────


  42) [mobile-chromium] › e2e\pdf-editor-interaction.spec.ts:414:7 › PDF Editor: typing right after placing text › the first character typed immediately after clicking is not lost 

    Error: page.goto: net::ERR_CONNECTION_REFUSED at http://127.0.0.1:3100/pdf/editor
    Call log:
      - navigating to "http://127.0.0.1:3100/pdf/editor", waiting until "load"


      12 |
      13 | async function openFile(page: Page, filePath: string, { actualSize = true } = {}) {
    > 14 |   await page.goto("/pdf/editor");
         |              ^
      15 |   await page.locator('input[type="file"]').setInputFiles(filePath);
      16 |   await expect(page.locator('[data-testid="page-surface"]').first()).toBeVisible({ timeout: 15_000 });
      17 |   // A phone opens the page fit to its width; most of these tests measure against 100%.
        at openFile (C:\Users\ravit\Desktop\my projects\thefileconvert\e2e\pdf-editor-interaction.spec.ts:14:14)
        at C:\Users\ravit\Desktop\my projects\thefileconvert\e2e\pdf-editor-interaction.spec.ts:415:11

    Error Context: test-results\pdf-editor-interaction-PDF-a1409--after-clicking-is-not-lost-mobile-chromium\error-context.md

    attachment #2: trace (application/zip) ─────────────────────────────────────────────────────────
    test-results\pdf-editor-interaction-PDF-a1409--after-clicking-is-not-lost-mobile-chromium\trace.zip
    Usage:

        npx playwright show-trace test-results\pdf-editor-interaction-PDF-a1409--after-clicking-is-not-lost-mobile-chromium\trace.zip

    ────────────────────────────────────────────────────────────────────────────────────────────────


  43) [mobile-chromium] › e2e\pdf-editor-interaction.spec.ts:394:7 › PDF Editor: underline and strikethrough as a flat drag › dragging straight along a line (almost no height) still creates the underline / strikethrough 

    Error: page.goto: net::ERR_CONNECTION_REFUSED at http://127.0.0.1:3100/pdf/editor
    Call log:
      - navigating to "http://127.0.0.1:3100/pdf/editor", waiting until "load"


      12 |
      13 | async function openFile(page: Page, filePath: string, { actualSize = true } = {}) {
    > 14 |   await page.goto("/pdf/editor");
         |              ^
      15 |   await page.locator('input[type="file"]').setInputFiles(filePath);
      16 |   await expect(page.locator('[data-testid="page-surface"]').first()).toBeVisible({ timeout: 15_000 });
      17 |   // A phone opens the page fit to its width; most of these tests measure against 100%.
        at openFile (C:\Users\ravit\Desktop\my projects\thefileconvert\e2e\pdf-editor-interaction.spec.ts:14:14)
        at C:\Users\ravit\Desktop\my projects\thefileconvert\e2e\pdf-editor-interaction.spec.ts:395:11

    Error Context: test-results\pdf-editor-interaction-PDF-71d87-the-underline-strikethrough-mobile-chromium\error-context.md

    attachment #2: trace (application/zip) ─────────────────────────────────────────────────────────
    test-results\pdf-editor-interaction-PDF-71d87-the-underline-strikethrough-mobile-chromium\trace.zip
    Usage:

        npx playwright show-trace test-results\pdf-editor-interaction-PDF-71d87-the-underline-strikethrough-mobile-chromium\trace.zip

    ────────────────────────────────────────────────────────────────────────────────────────────────


[284/390] [mobile-chromium] › e2e\pdf-editor-qa.spec.ts:27:7 › PDF Editor: large document smoke test › handles a 25-page document: thumbnails, navigation, zoom, an annotation, and export
[285/390] [mobile-chromium] › e2e\pdf-editor-interaction.spec.ts:445:7 › PDF Editor on a phone › opens fit to the screen, has finger-sized controls, and both drawers can be closed and used
[286/390] [mobile-chromium] › e2e\pdf-editor-interaction.spec.ts:474:7 › PDF Editor: a page wider than its viewport › the page keeps its size (and its drawing overlay matches its canvas) and scrolls instead of being squeezed
[287/390] [mobile-chromium] › e2e\pdf-editor-interaction.spec.ts:510:7 › PDF Editor on a phone: touch input › tap places text and typing works; highlight/underline stay armed; strokes render live; crop applies
  44) [mobile-chromium] › e2e\pdf-editor-qa.spec.ts:27:7 › PDF Editor: large document smoke test › handles a 25-page document: thumbnails, navigation, zoom, an annotation, and export 

    Error: page.goto: net::ERR_CONNECTION_REFUSED at http://127.0.0.1:3100/pdf/editor
    Call log:
      - navigating to "http://127.0.0.1:3100/pdf/editor", waiting until "load"


       7 |
       8 | async function openFile(page: Page, filePath: string) {
    >  9 |   await page.goto("/pdf/editor");
         |              ^
      10 |   await page.locator('input[type="file"]').setInputFiles(filePath);
      11 |   await expect(page.locator('[data-testid="page-surface"]').first()).toBeVisible({ timeout: 15_000 });
      12 |   await page.getByRole("button", { name: "Actual size (100%)" }).click(); // these tests assume 100% (a phone opens fit to width)
        at openFile (C:\Users\ravit\Desktop\my projects\thefileconvert\e2e\pdf-editor-qa.spec.ts:9:14)
        at C:\Users\ravit\Desktop\my projects\thefileconvert\e2e\pdf-editor-qa.spec.ts:28:11

    Error Context: test-results\pdf-editor-qa-PDF-Editor-l-f665f-om-an-annotation-and-export-mobile-chromium\error-context.md

    attachment #2: trace (application/zip) ─────────────────────────────────────────────────────────
    test-results\pdf-editor-qa-PDF-Editor-l-f665f-om-an-annotation-and-export-mobile-chromium\trace.zip
    Usage:

        npx playwright show-trace test-results\pdf-editor-qa-PDF-Editor-l-f665f-om-an-annotation-and-export-mobile-chromium\trace.zip

    ────────────────────────────────────────────────────────────────────────────────────────────────


  45) [mobile-chromium] › e2e\pdf-editor-interaction.spec.ts:510:7 › PDF Editor on a phone: touch input › tap places text and typing works; highlight/underline stay armed; strokes render live; crop applies 

    Error: page.goto: net::ERR_CONNECTION_REFUSED at http://127.0.0.1:3100/pdf/editor
    Call log:
      - navigating to "http://127.0.0.1:3100/pdf/editor", waiting until "load"


      12 |
      13 | async function openFile(page: Page, filePath: string, { actualSize = true } = {}) {
    > 14 |   await page.goto("/pdf/editor");
         |              ^
      15 |   await page.locator('input[type="file"]').setInputFiles(filePath);
      16 |   await expect(page.locator('[data-testid="page-surface"]').first()).toBeVisible({ timeout: 15_000 });
      17 |   // A phone opens the page fit to its width; most of these tests measure against 100%.
        at openFile (C:\Users\ravit\Desktop\my projects\thefileconvert\e2e\pdf-editor-interaction.spec.ts:14:14)
        at C:\Users\ravit\Desktop\my projects\thefileconvert\e2e\pdf-editor-interaction.spec.ts:512:11

    Error Context: test-results\pdf-editor-interaction-PDF-900d7-es-render-live-crop-applies-mobile-chromium\error-context.md

    attachment #2: trace (application/zip) ─────────────────────────────────────────────────────────
    test-results\pdf-editor-interaction-PDF-900d7-es-render-live-crop-applies-mobile-chromium\trace.zip
    Usage:

        npx playwright show-trace test-results\pdf-editor-interaction-PDF-900d7-es-render-live-crop-applies-mobile-chromium\trace.zip

    ────────────────────────────────────────────────────────────────────────────────────────────────


  46) [mobile-chromium] › e2e\pdf-editor-interaction.spec.ts:445:7 › PDF Editor on a phone › opens fit to the screen, has finger-sized controls, and both drawers can be closed and used 

    Error: page.goto: net::ERR_CONNECTION_REFUSED at http://127.0.0.1:3100/pdf/editor
    Call log:
      - navigating to "http://127.0.0.1:3100/pdf/editor", waiting until "load"


      12 |
      13 | async function openFile(page: Page, filePath: string, { actualSize = true } = {}) {
    > 14 |   await page.goto("/pdf/editor");
         |              ^
      15 |   await page.locator('input[type="file"]').setInputFiles(filePath);
      16 |   await expect(page.locator('[data-testid="page-surface"]').first()).toBeVisible({ timeout: 15_000 });
      17 |   // A phone opens the page fit to its width; most of these tests measure against 100%.
        at openFile (C:\Users\ravit\Desktop\my projects\thefileconvert\e2e\pdf-editor-interaction.spec.ts:14:14)
        at C:\Users\ravit\Desktop\my projects\thefileconvert\e2e\pdf-editor-interaction.spec.ts:447:11

    Error Context: test-results\pdf-editor-interaction-PDF-714ee-wers-can-be-closed-and-used-mobile-chromium\error-context.md

    attachment #2: trace (application/zip) ─────────────────────────────────────────────────────────
    test-results\pdf-editor-interaction-PDF-714ee-wers-can-be-closed-and-used-mobile-chromium\trace.zip
    Usage:

        npx playwright show-trace test-results\pdf-editor-interaction-PDF-714ee-wers-can-be-closed-and-used-mobile-chromium\trace.zip

    ────────────────────────────────────────────────────────────────────────────────────────────────


  47) [mobile-chromium] › e2e\pdf-editor-interaction.spec.ts:474:7 › PDF Editor: a page wider than its viewport › the page keeps its size (and its drawing overlay matches its canvas) and scrolls instead of being squeezed 

    Error: page.goto: net::ERR_CONNECTION_REFUSED at http://127.0.0.1:3100/pdf/editor
    Call log:
      - navigating to "http://127.0.0.1:3100/pdf/editor", waiting until "load"


      12 |
      13 | async function openFile(page: Page, filePath: string, { actualSize = true } = {}) {
    > 14 |   await page.goto("/pdf/editor");
         |              ^
      15 |   await page.locator('input[type="file"]').setInputFiles(filePath);
      16 |   await expect(page.locator('[data-testid="page-surface"]').first()).toBeVisible({ timeout: 15_000 });
      17 |   // A phone opens the page fit to its width; most of these tests measure against 100%.
        at openFile (C:\Users\ravit\Desktop\my projects\thefileconvert\e2e\pdf-editor-interaction.spec.ts:14:14)
        at C:\Users\ravit\Desktop\my projects\thefileconvert\e2e\pdf-editor-interaction.spec.ts:476:11

    Error Context: test-results\pdf-editor-interaction-PDF-9ef0f-s-instead-of-being-squeezed-mobile-chromium\error-context.md

    attachment #2: trace (application/zip) ─────────────────────────────────────────────────────────
    test-results\pdf-editor-interaction-PDF-9ef0f-s-instead-of-being-squeezed-mobile-chromium\trace.zip
    Usage:

        npx playwright show-trace test-results\pdf-editor-interaction-PDF-9ef0f-s-instead-of-being-squeezed-mobile-chromium\trace.zip

    ────────────────────────────────────────────────────────────────────────────────────────────────


[288/390] [mobile-chromium] › e2e\pdf-editor-qa.spec.ts:156:9 › PDF Editor: responsive QA matrix › no horizontal overflow and core controls are reachable at 768x1024
[289/390] [mobile-chromium] › e2e\pdf-editor-qa.spec.ts:75:7 › PDF Editor: mobile editing checklist › every core editing action works on a mobile viewport
[290/390] [mobile-chromium] › e2e\pdf-editor-qa.spec.ts:156:9 › PDF Editor: responsive QA matrix › no horizontal overflow and core controls are reachable at 390x844
[291/390] [mobile-chromium] › e2e\pdf-editor-qa.spec.ts:156:9 › PDF Editor: responsive QA matrix › no horizontal overflow and core controls are reachable at 1366x768
  48) [mobile-chromium] › e2e\pdf-editor-qa.spec.ts:75:7 › PDF Editor: mobile editing checklist › every core editing action works on a mobile viewport 

    Error: page.goto: net::ERR_CONNECTION_REFUSED at http://127.0.0.1:3100/pdf/editor
    Call log:
      - navigating to "http://127.0.0.1:3100/pdf/editor", waiting until "load"


       7 |
       8 | async function openFile(page: Page, filePath: string) {
    >  9 |   await page.goto("/pdf/editor");
         |              ^
      10 |   await page.locator('input[type="file"]').setInputFiles(filePath);
      11 |   await expect(page.locator('[data-testid="page-surface"]').first()).toBeVisible({ timeout: 15_000 });
      12 |   await page.getByRole("button", { name: "Actual size (100%)" }).click(); // these tests assume 100% (a phone opens fit to width)
        at openFile (C:\Users\ravit\Desktop\my projects\thefileconvert\e2e\pdf-editor-qa.spec.ts:9:14)
        at C:\Users\ravit\Desktop\my projects\thefileconvert\e2e\pdf-editor-qa.spec.ts:76:11

    Error Context: test-results\pdf-editor-qa-PDF-Editor-m-3aebc--works-on-a-mobile-viewport-mobile-chromium\error-context.md

    attachment #2: trace (application/zip) ─────────────────────────────────────────────────────────
    test-results\pdf-editor-qa-PDF-Editor-m-3aebc--works-on-a-mobile-viewport-mobile-chromium\trace.zip
    Usage:

        npx playwright show-trace test-results\pdf-editor-qa-PDF-Editor-m-3aebc--works-on-a-mobile-viewport-mobile-chromium\trace.zip

    ────────────────────────────────────────────────────────────────────────────────────────────────


  49) [mobile-chromium] › e2e\pdf-editor-qa.spec.ts:156:9 › PDF Editor: responsive QA matrix › no horizontal overflow and core controls are reachable at 768x1024 

    Error: page.goto: net::ERR_CONNECTION_REFUSED at http://127.0.0.1:3100/pdf/editor
    Call log:
      - navigating to "http://127.0.0.1:3100/pdf/editor", waiting until "load"


       7 |
       8 | async function openFile(page: Page, filePath: string) {
    >  9 |   await page.goto("/pdf/editor");
         |              ^
      10 |   await page.locator('input[type="file"]').setInputFiles(filePath);
      11 |   await expect(page.locator('[data-testid="page-surface"]').first()).toBeVisible({ timeout: 15_000 });
      12 |   await page.getByRole("button", { name: "Actual size (100%)" }).click(); // these tests assume 100% (a phone opens fit to width)
        at openFile (C:\Users\ravit\Desktop\my projects\thefileconvert\e2e\pdf-editor-qa.spec.ts:9:14)
        at C:\Users\ravit\Desktop\my projects\thefileconvert\e2e\pdf-editor-qa.spec.ts:158:13

    Error Context: test-results\pdf-editor-qa-PDF-Editor-r-36e66-s-are-reachable-at-768x1024-mobile-chromium\error-context.md

    attachment #2: trace (application/zip) ─────────────────────────────────────────────────────────
    test-results\pdf-editor-qa-PDF-Editor-r-36e66-s-are-reachable-at-768x1024-mobile-chromium\trace.zip
    Usage:

        npx playwright show-trace test-results\pdf-editor-qa-PDF-Editor-r-36e66-s-are-reachable-at-768x1024-mobile-chromium\trace.zip

    ────────────────────────────────────────────────────────────────────────────────────────────────


  50) [mobile-chromium] › e2e\pdf-editor-qa.spec.ts:156:9 › PDF Editor: responsive QA matrix › no horizontal overflow and core controls are reachable at 390x844 

    Error: page.goto: net::ERR_CONNECTION_REFUSED at http://127.0.0.1:3100/pdf/editor
    Call log:
      - navigating to "http://127.0.0.1:3100/pdf/editor", waiting until "load"


       7 |
       8 | async function openFile(page: Page, filePath: string) {
    >  9 |   await page.goto("/pdf/editor");
         |              ^
      10 |   await page.locator('input[type="file"]').setInputFiles(filePath);
      11 |   await expect(page.locator('[data-testid="page-surface"]').first()).toBeVisible({ timeout: 15_000 });
      12 |   await page.getByRole("button", { name: "Actual size (100%)" }).click(); // these tests assume 100% (a phone opens fit to width)
        at openFile (C:\Users\ravit\Desktop\my projects\thefileconvert\e2e\pdf-editor-qa.spec.ts:9:14)
        at C:\Users\ravit\Desktop\my projects\thefileconvert\e2e\pdf-editor-qa.spec.ts:158:13

    Error Context: test-results\pdf-editor-qa-PDF-Editor-r-43c3f-ls-are-reachable-at-390x844-mobile-chromium\error-context.md

    attachment #2: trace (application/zip) ─────────────────────────────────────────────────────────
    test-results\pdf-editor-qa-PDF-Editor-r-43c3f-ls-are-reachable-at-390x844-mobile-chromium\trace.zip
    Usage:

        npx playwright show-trace test-results\pdf-editor-qa-PDF-Editor-r-43c3f-ls-are-reachable-at-390x844-mobile-chromium\trace.zip

    ────────────────────────────────────────────────────────────────────────────────────────────────


  51) [mobile-chromium] › e2e\pdf-editor-qa.spec.ts:156:9 › PDF Editor: responsive QA matrix › no horizontal overflow and core controls are reachable at 1366x768 

    Error: page.goto: net::ERR_CONNECTION_REFUSED at http://127.0.0.1:3100/pdf/editor
    Call log:
      - navigating to "http://127.0.0.1:3100/pdf/editor", waiting until "load"


       7 |
       8 | async function openFile(page: Page, filePath: string) {
    >  9 |   await page.goto("/pdf/editor");
         |              ^
      10 |   await page.locator('input[type="file"]').setInputFiles(filePath);
      11 |   await expect(page.locator('[data-testid="page-surface"]').first()).toBeVisible({ timeout: 15_000 });
      12 |   await page.getByRole("button", { name: "Actual size (100%)" }).click(); // these tests assume 100% (a phone opens fit to width)
        at openFile (C:\Users\ravit\Desktop\my projects\thefileconvert\e2e\pdf-editor-qa.spec.ts:9:14)
        at C:\Users\ravit\Desktop\my projects\thefileconvert\e2e\pdf-editor-qa.spec.ts:158:13

    Error Context: test-results\pdf-editor-qa-PDF-Editor-r-ebff7-s-are-reachable-at-1366x768-mobile-chromium\error-context.md

    attachment #2: trace (application/zip) ─────────────────────────────────────────────────────────
    test-results\pdf-editor-qa-PDF-Editor-r-ebff7-s-are-reachable-at-1366x768-mobile-chromium\trace.zip
    Usage:

        npx playwright show-trace test-results\pdf-editor-qa-PDF-Editor-r-ebff7-s-are-reachable-at-1366x768-mobile-chromium\trace.zip

    ────────────────────────────────────────────────────────────────────────────────────────────────


[292/390] [mobile-chromium] › e2e\pdf-editor-qa.spec.ts:156:9 › PDF Editor: responsive QA matrix › no horizontal overflow and core controls are reachable at 1440x900
[293/390] [mobile-chromium] › e2e\pdf-editor-qa.spec.ts:156:9 › PDF Editor: responsive QA matrix › no horizontal overflow and core controls are reachable at 1920x1080
[294/390] [mobile-chromium] › e2e\pdf-editor-qa.spec.ts:156:9 › PDF Editor: responsive QA matrix › no horizontal overflow and core controls are reachable at 2560x1440
[295/390] [mobile-chromium] › e2e\pdf-editor-qa.spec.ts:156:9 › PDF Editor: responsive QA matrix › no horizontal overflow and core controls are reachable at 3440x1440
  52) [mobile-chromium] › e2e\pdf-editor-qa.spec.ts:156:9 › PDF Editor: responsive QA matrix › no horizontal overflow and core controls are reachable at 1440x900 

    Error: page.goto: net::ERR_CONNECTION_REFUSED at http://127.0.0.1:3100/pdf/editor
    Call log:
      - navigating to "http://127.0.0.1:3100/pdf/editor", waiting until "load"


       7 |
       8 | async function openFile(page: Page, filePath: string) {
    >  9 |   await page.goto("/pdf/editor");
         |              ^
      10 |   await page.locator('input[type="file"]').setInputFiles(filePath);
      11 |   await expect(page.locator('[data-testid="page-surface"]').first()).toBeVisible({ timeout: 15_000 });
      12 |   await page.getByRole("button", { name: "Actual size (100%)" }).click(); // these tests assume 100% (a phone opens fit to width)
        at openFile (C:\Users\ravit\Desktop\my projects\thefileconvert\e2e\pdf-editor-qa.spec.ts:9:14)
        at C:\Users\ravit\Desktop\my projects\thefileconvert\e2e\pdf-editor-qa.spec.ts:158:13

    Error Context: test-results\pdf-editor-qa-PDF-Editor-r-39126-s-are-reachable-at-1440x900-mobile-chromium\error-context.md

    attachment #2: trace (application/zip) ─────────────────────────────────────────────────────────
    test-results\pdf-editor-qa-PDF-Editor-r-39126-s-are-reachable-at-1440x900-mobile-chromium\trace.zip
    Usage:

        npx playwright show-trace test-results\pdf-editor-qa-PDF-Editor-r-39126-s-are-reachable-at-1440x900-mobile-chromium\trace.zip

    ────────────────────────────────────────────────────────────────────────────────────────────────


  53) [mobile-chromium] › e2e\pdf-editor-qa.spec.ts:156:9 › PDF Editor: responsive QA matrix › no horizontal overflow and core controls are reachable at 2560x1440 

    Error: page.goto: net::ERR_CONNECTION_REFUSED at http://127.0.0.1:3100/pdf/editor
    Call log:
      - navigating to "http://127.0.0.1:3100/pdf/editor", waiting until "load"


       7 |
       8 | async function openFile(page: Page, filePath: string) {
    >  9 |   await page.goto("/pdf/editor");
         |              ^
      10 |   await page.locator('input[type="file"]').setInputFiles(filePath);
      11 |   await expect(page.locator('[data-testid="page-surface"]').first()).toBeVisible({ timeout: 15_000 });
      12 |   await page.getByRole("button", { name: "Actual size (100%)" }).click(); // these tests assume 100% (a phone opens fit to width)
        at openFile (C:\Users\ravit\Desktop\my projects\thefileconvert\e2e\pdf-editor-qa.spec.ts:9:14)
        at C:\Users\ravit\Desktop\my projects\thefileconvert\e2e\pdf-editor-qa.spec.ts:158:13

    Error Context: test-results\pdf-editor-qa-PDF-Editor-r-c848a--are-reachable-at-2560x1440-mobile-chromium\error-context.md

    attachment #2: trace (application/zip) ─────────────────────────────────────────────────────────
    test-results\pdf-editor-qa-PDF-Editor-r-c848a--are-reachable-at-2560x1440-mobile-chromium\trace.zip
    Usage:

        npx playwright show-trace test-results\pdf-editor-qa-PDF-Editor-r-c848a--are-reachable-at-2560x1440-mobile-chromium\trace.zip

    ────────────────────────────────────────────────────────────────────────────────────────────────


  54) [mobile-chromium] › e2e\pdf-editor-qa.spec.ts:156:9 › PDF Editor: responsive QA matrix › no horizontal overflow and core controls are reachable at 1920x1080 

    Error: page.goto: net::ERR_CONNECTION_REFUSED at http://127.0.0.1:3100/pdf/editor
    Call log:
      - navigating to "http://127.0.0.1:3100/pdf/editor", waiting until "load"


       7 |
       8 | async function openFile(page: Page, filePath: string) {
    >  9 |   await page.goto("/pdf/editor");
         |              ^
      10 |   await page.locator('input[type="file"]').setInputFiles(filePath);
      11 |   await expect(page.locator('[data-testid="page-surface"]').first()).toBeVisible({ timeout: 15_000 });
      12 |   await page.getByRole("button", { name: "Actual size (100%)" }).click(); // these tests assume 100% (a phone opens fit to width)
        at openFile (C:\Users\ravit\Desktop\my projects\thefileconvert\e2e\pdf-editor-qa.spec.ts:9:14)
        at C:\Users\ravit\Desktop\my projects\thefileconvert\e2e\pdf-editor-qa.spec.ts:158:13

    Error Context: test-results\pdf-editor-qa-PDF-Editor-r-3d87e--are-reachable-at-1920x1080-mobile-chromium\error-context.md

    attachment #2: trace (application/zip) ─────────────────────────────────────────────────────────
    test-results\pdf-editor-qa-PDF-Editor-r-3d87e--are-reachable-at-1920x1080-mobile-chromium\trace.zip
    Usage:

        npx playwright show-trace test-results\pdf-editor-qa-PDF-Editor-r-3d87e--are-reachable-at-1920x1080-mobile-chromium\trace.zip

    ────────────────────────────────────────────────────────────────────────────────────────────────


  55) [mobile-chromium] › e2e\pdf-editor-qa.spec.ts:156:9 › PDF Editor: responsive QA matrix › no horizontal overflow and core controls are reachable at 3440x1440 

    Error: page.goto: net::ERR_CONNECTION_REFUSED at http://127.0.0.1:3100/pdf/editor
    Call log:
      - navigating to "http://127.0.0.1:3100/pdf/editor", waiting until "load"


       7 |
       8 | async function openFile(page: Page, filePath: string) {
    >  9 |   await page.goto("/pdf/editor");
         |              ^
      10 |   await page.locator('input[type="file"]').setInputFiles(filePath);
      11 |   await expect(page.locator('[data-testid="page-surface"]').first()).toBeVisible({ timeout: 15_000 });
      12 |   await page.getByRole("button", { name: "Actual size (100%)" }).click(); // these tests assume 100% (a phone opens fit to width)
        at openFile (C:\Users\ravit\Desktop\my projects\thefileconvert\e2e\pdf-editor-qa.spec.ts:9:14)
        at C:\Users\ravit\Desktop\my projects\thefileconvert\e2e\pdf-editor-qa.spec.ts:158:13

    Error Context: test-results\pdf-editor-qa-PDF-Editor-r-fa24d--are-reachable-at-3440x1440-mobile-chromium\error-context.md

    attachment #2: trace (application/zip) ─────────────────────────────────────────────────────────
    test-results\pdf-editor-qa-PDF-Editor-r-fa24d--are-reachable-at-3440x1440-mobile-chromium\trace.zip
    Usage:

        npx playwright show-trace test-results\pdf-editor-qa-PDF-Editor-r-fa24d--are-reachable-at-3440x1440-mobile-chromium\trace.zip

    ────────────────────────────────────────────────────────────────────────────────────────────────


[296/390] [mobile-chromium] › e2e\pdf-editor-qa.spec.ts:186:7 › PDF Editor: privacy regression (signature / image / form / crop / header-footer) › no document bytes, signature/image contents, or third-party requests leave the browser across these flows
[297/390] [mobile-chromium] › e2e\pdf-editor.spec.ts:71:7 › PDF Editor: add text / shapes / annotations › adds a text box and it appears at export in the reopened PDF
[298/390] [mobile-chromium] › e2e\pdf-editor.spec.ts:49:7 › PDF Editor: native text editing › corrects native text, exports, and the correction is verifiable in the reopened PDF
[299/390] [mobile-chromium] › e2e\pdf-editor.spec.ts:83:7 › PDF Editor: add text / shapes / annotations › draws a whiteout box and the exported page renders a white-filled region
  56) [mobile-chromium] › e2e\pdf-editor-qa.spec.ts:186:7 › PDF Editor: privacy regression (signature / image / form / crop / header-footer) › no document bytes, signature/image contents, or third-party requests leave the browser across these flows 

    Error: page.goto: net::ERR_CONNECTION_REFUSED at http://127.0.0.1:3100/pdf/editor
    Call log:
      - navigating to "http://127.0.0.1:3100/pdf/editor", waiting until "networkidle"


      188 |     page.on("request", (req) => requests.push(req.url()));
      189 |
    > 190 |     await page.goto("/pdf/editor", { waitUntil: "networkidle" });
          |                ^
      191 |     await page.locator('input[type="file"]').setInputFiles(path.join(FIXTURES, "acroform.pdf"));
      192 |     await expect(page.locator('[data-testid="page-surface"]').first()).toBeVisible({ timeout: 15_000 });
      193 |     await page.getByRole("button", { name: "Actual size (100%)" }).click(); // a phone opens fit to width
        at C:\Users\ravit\Desktop\my projects\thefileconvert\e2e\pdf-editor-qa.spec.ts:190:16

    Error Context: test-results\pdf-editor-qa-PDF-Editor-p-8b9ec--browser-across-these-flows-mobile-chromium\error-context.md

    attachment #2: trace (application/zip) ─────────────────────────────────────────────────────────
    test-results\pdf-editor-qa-PDF-Editor-p-8b9ec--browser-across-these-flows-mobile-chromium\trace.zip
    Usage:

        npx playwright show-trace test-results\pdf-editor-qa-PDF-Editor-p-8b9ec--browser-across-these-flows-mobile-chromium\trace.zip

    ────────────────────────────────────────────────────────────────────────────────────────────────


  57) [mobile-chromium] › e2e\pdf-editor.spec.ts:49:7 › PDF Editor: native text editing › corrects native text, exports, and the correction is verifiable in the reopened PDF 

    Error: page.goto: net::ERR_CONNECTION_REFUSED at http://127.0.0.1:3100/pdf/editor
    Call log:
      - navigating to "http://127.0.0.1:3100/pdf/editor", waiting until "load"


       8 |
       9 | async function openFile(page: Page, filePath: string) {
    > 10 |   await page.goto("/pdf/editor");
         |              ^
      11 |   await page.locator('input[type="file"]').setInputFiles(filePath);
      12 |   await expect(page.locator('[data-testid="page-surface"]').first()).toBeVisible({ timeout: 15_000 });
      13 |   await page.getByRole("button", { name: "Actual size (100%)" }).click(); // these tests assume 100% (a phone opens fit to width)
        at openFile (C:\Users\ravit\Desktop\my projects\thefileconvert\e2e\pdf-editor.spec.ts:10:14)
        at C:\Users\ravit\Desktop\my projects\thefileconvert\e2e\pdf-editor.spec.ts:50:11

    Error Context: test-results\pdf-editor-PDF-Editor-nati-63822-ifiable-in-the-reopened-PDF-mobile-chromium\error-context.md

    attachment #2: trace (application/zip) ─────────────────────────────────────────────────────────
    test-results\pdf-editor-PDF-Editor-nati-63822-ifiable-in-the-reopened-PDF-mobile-chromium\trace.zip
    Usage:

        npx playwright show-trace test-results\pdf-editor-PDF-Editor-nati-63822-ifiable-in-the-reopened-PDF-mobile-chromium\trace.zip

    ────────────────────────────────────────────────────────────────────────────────────────────────


  58) [mobile-chromium] › e2e\pdf-editor.spec.ts:71:7 › PDF Editor: add text / shapes / annotations › adds a text box and it appears at export in the reopened PDF 

    Error: page.goto: net::ERR_CONNECTION_REFUSED at http://127.0.0.1:3100/pdf/editor
    Call log:
      - navigating to "http://127.0.0.1:3100/pdf/editor", waiting until "load"


       8 |
       9 | async function openFile(page: Page, filePath: string) {
    > 10 |   await page.goto("/pdf/editor");
         |              ^
      11 |   await page.locator('input[type="file"]').setInputFiles(filePath);
      12 |   await expect(page.locator('[data-testid="page-surface"]').first()).toBeVisible({ timeout: 15_000 });
      13 |   await page.getByRole("button", { name: "Actual size (100%)" }).click(); // these tests assume 100% (a phone opens fit to width)
        at openFile (C:\Users\ravit\Desktop\my projects\thefileconvert\e2e\pdf-editor.spec.ts:10:14)
        at C:\Users\ravit\Desktop\my projects\thefileconvert\e2e\pdf-editor.spec.ts:72:11

    Error Context: test-results\pdf-editor-PDF-Editor-add--a83c2--export-in-the-reopened-PDF-mobile-chromium\error-context.md

    attachment #2: trace (application/zip) ─────────────────────────────────────────────────────────
    test-results\pdf-editor-PDF-Editor-add--a83c2--export-in-the-reopened-PDF-mobile-chromium\trace.zip
    Usage:

        npx playwright show-trace test-results\pdf-editor-PDF-Editor-add--a83c2--export-in-the-reopened-PDF-mobile-chromium\trace.zip

    ────────────────────────────────────────────────────────────────────────────────────────────────


  59) [mobile-chromium] › e2e\pdf-editor.spec.ts:83:7 › PDF Editor: add text / shapes / annotations › draws a whiteout box and the exported page renders a white-filled region 

    Error: page.goto: net::ERR_CONNECTION_REFUSED at http://127.0.0.1:3100/pdf/editor
    Call log:
      - navigating to "http://127.0.0.1:3100/pdf/editor", waiting until "load"


       8 |
       9 | async function openFile(page: Page, filePath: string) {
    > 10 |   await page.goto("/pdf/editor");
         |              ^
      11 |   await page.locator('input[type="file"]').setInputFiles(filePath);
      12 |   await expect(page.locator('[data-testid="page-surface"]').first()).toBeVisible({ timeout: 15_000 });
      13 |   await page.getByRole("button", { name: "Actual size (100%)" }).click(); // these tests assume 100% (a phone opens fit to width)
        at openFile (C:\Users\ravit\Desktop\my projects\thefileconvert\e2e\pdf-editor.spec.ts:10:14)
        at C:\Users\ravit\Desktop\my projects\thefileconvert\e2e\pdf-editor.spec.ts:84:11

    Error Context: test-results\pdf-editor-PDF-Editor-add--737f5-nders-a-white-filled-region-mobile-chromium\error-context.md

    attachment #2: trace (application/zip) ─────────────────────────────────────────────────────────
    test-results\pdf-editor-PDF-Editor-add--737f5-nders-a-white-filled-region-mobile-chromium\trace.zip
    Usage:

        npx playwright show-trace test-results\pdf-editor-PDF-Editor-add--737f5-nders-a-white-filled-region-mobile-chromium\trace.zip

    ────────────────────────────────────────────────────────────────────────────────────────────────


[300/390] [mobile-chromium] › e2e\pdf-editor.spec.ts:107:7 › PDF Editor: add text / shapes / annotations › draws a rectangle shape that survives export
[301/390] [mobile-chromium] › e2e\pdf-editor.spec.ts:132:7 › PDF Editor: page management › rotate, duplicate, and delete pages, then export and verify the result
[302/390] [mobile-chromium] › e2e\pdf-editor.spec.ts:154:7 › PDF Editor: page management › inserts pages from another PDF after the current page
[303/390] [mobile-chromium] › e2e\pdf-editor.spec.ts:173:7 › PDF Editor: undo/redo › Ctrl+Z undoes an added text object and Ctrl+Shift+Z redoes it
  60) [mobile-chromium] › e2e\pdf-editor.spec.ts:154:7 › PDF Editor: page management › inserts pages from another PDF after the current page 

    Error: page.goto: net::ERR_CONNECTION_REFUSED at http://127.0.0.1:3100/pdf/editor
    Call log:
      - navigating to "http://127.0.0.1:3100/pdf/editor", waiting until "load"


       8 |
       9 | async function openFile(page: Page, filePath: string) {
    > 10 |   await page.goto("/pdf/editor");
         |              ^
      11 |   await page.locator('input[type="file"]').setInputFiles(filePath);
      12 |   await expect(page.locator('[data-testid="page-surface"]').first()).toBeVisible({ timeout: 15_000 });
      13 |   await page.getByRole("button", { name: "Actual size (100%)" }).click(); // these tests assume 100% (a phone opens fit to width)
        at openFile (C:\Users\ravit\Desktop\my projects\thefileconvert\e2e\pdf-editor.spec.ts:10:14)
        at C:\Users\ravit\Desktop\my projects\thefileconvert\e2e\pdf-editor.spec.ts:155:11

    Error Context: test-results\pdf-editor-PDF-Editor-page-f1883--PDF-after-the-current-page-mobile-chromium\error-context.md

    attachment #2: trace (application/zip) ─────────────────────────────────────────────────────────
    test-results\pdf-editor-PDF-Editor-page-f1883--PDF-after-the-current-page-mobile-chromium\trace.zip
    Usage:

        npx playwright show-trace test-results\pdf-editor-PDF-Editor-page-f1883--PDF-after-the-current-page-mobile-chromium\trace.zip

    ────────────────────────────────────────────────────────────────────────────────────────────────


  61) [mobile-chromium] › e2e\pdf-editor.spec.ts:107:7 › PDF Editor: add text / shapes / annotations › draws a rectangle shape that survives export 

    Error: page.goto: net::ERR_CONNECTION_REFUSED at http://127.0.0.1:3100/pdf/editor
    Call log:
      - navigating to "http://127.0.0.1:3100/pdf/editor", waiting until "load"


       8 |
       9 | async function openFile(page: Page, filePath: string) {
    > 10 |   await page.goto("/pdf/editor");
         |              ^
      11 |   await page.locator('input[type="file"]').setInputFiles(filePath);
      12 |   await expect(page.locator('[data-testid="page-surface"]').first()).toBeVisible({ timeout: 15_000 });
      13 |   await page.getByRole("button", { name: "Actual size (100%)" }).click(); // these tests assume 100% (a phone opens fit to width)
        at openFile (C:\Users\ravit\Desktop\my projects\thefileconvert\e2e\pdf-editor.spec.ts:10:14)
        at C:\Users\ravit\Desktop\my projects\thefileconvert\e2e\pdf-editor.spec.ts:108:11

    Error Context: test-results\pdf-editor-PDF-Editor-add--0ef25--shape-that-survives-export-mobile-chromium\error-context.md

    attachment #2: trace (application/zip) ─────────────────────────────────────────────────────────
    test-results\pdf-editor-PDF-Editor-add--0ef25--shape-that-survives-export-mobile-chromium\trace.zip
    Usage:

        npx playwright show-trace test-results\pdf-editor-PDF-Editor-add--0ef25--shape-that-survives-export-mobile-chromium\trace.zip

    ────────────────────────────────────────────────────────────────────────────────────────────────


  62) [mobile-chromium] › e2e\pdf-editor.spec.ts:173:7 › PDF Editor: undo/redo › Ctrl+Z undoes an added text object and Ctrl+Shift+Z redoes it 

    Error: page.goto: net::ERR_CONNECTION_REFUSED at http://127.0.0.1:3100/pdf/editor
    Call log:
      - navigating to "http://127.0.0.1:3100/pdf/editor", waiting until "load"


       8 |
       9 | async function openFile(page: Page, filePath: string) {
    > 10 |   await page.goto("/pdf/editor");
         |              ^
      11 |   await page.locator('input[type="file"]').setInputFiles(filePath);
      12 |   await expect(page.locator('[data-testid="page-surface"]').first()).toBeVisible({ timeout: 15_000 });
      13 |   await page.getByRole("button", { name: "Actual size (100%)" }).click(); // these tests assume 100% (a phone opens fit to width)
        at openFile (C:\Users\ravit\Desktop\my projects\thefileconvert\e2e\pdf-editor.spec.ts:10:14)
        at C:\Users\ravit\Desktop\my projects\thefileconvert\e2e\pdf-editor.spec.ts:174:11

    Error Context: test-results\pdf-editor-PDF-Editor-undo-9ad5c--and-Ctrl-Shift-Z-redoes-it-mobile-chromium\error-context.md

    attachment #2: trace (application/zip) ─────────────────────────────────────────────────────────
    test-results\pdf-editor-PDF-Editor-undo-9ad5c--and-Ctrl-Shift-Z-redoes-it-mobile-chromium\trace.zip
    Usage:

        npx playwright show-trace test-results\pdf-editor-PDF-Editor-undo-9ad5c--and-Ctrl-Shift-Z-redoes-it-mobile-chromium\trace.zip

    ────────────────────────────────────────────────────────────────────────────────────────────────


  63) [mobile-chromium] › e2e\pdf-editor.spec.ts:132:7 › PDF Editor: page management › rotate, duplicate, and delete pages, then export and verify the result 

    Error: page.goto: net::ERR_CONNECTION_REFUSED at http://127.0.0.1:3100/pdf/editor
    Call log:
      - navigating to "http://127.0.0.1:3100/pdf/editor", waiting until "load"


       8 |
       9 | async function openFile(page: Page, filePath: string) {
    > 10 |   await page.goto("/pdf/editor");
         |              ^
      11 |   await page.locator('input[type="file"]').setInputFiles(filePath);
      12 |   await expect(page.locator('[data-testid="page-surface"]').first()).toBeVisible({ timeout: 15_000 });
      13 |   await page.getByRole("button", { name: "Actual size (100%)" }).click(); // these tests assume 100% (a phone opens fit to width)
        at openFile (C:\Users\ravit\Desktop\my projects\thefileconvert\e2e\pdf-editor.spec.ts:10:14)
        at C:\Users\ravit\Desktop\my projects\thefileconvert\e2e\pdf-editor.spec.ts:133:11

    Error Context: test-results\pdf-editor-PDF-Editor-page-d1dd2-xport-and-verify-the-result-mobile-chromium\error-context.md

    attachment #2: trace (application/zip) ─────────────────────────────────────────────────────────
    test-results\pdf-editor-PDF-Editor-page-d1dd2-xport-and-verify-the-result-mobile-chromium\trace.zip
    Usage:

        npx playwright show-trace test-results\pdf-editor-PDF-Editor-page-d1dd2-xport-and-verify-the-result-mobile-chromium\trace.zip

    ────────────────────────────────────────────────────────────────────────────────────────────────


[304/390] [mobile-chromium] › e2e\pdf-editor.spec.ts:215:7 › PDF Editor: privacy / network › no document content is ever sent off-device while editing and exporting
[305/390] [mobile-chromium] › e2e\pdf-editor.spec.ts:236:7 › PDF Editor: security / error handling › a corrupted PDF fails safely with a friendly message
[306/390] [mobile-chromium] › e2e\pdf-editor.spec.ts:199:7 › PDF Editor: OCR integration › OCR is never fetched until recognition is explicitly requested
[307/390] [mobile-chromium] › e2e\pdf-editor.spec.ts:245:7 › PDF Editor: security / error handling › a zero-byte file is rejected immediately
  64) [mobile-chromium] › e2e\pdf-editor.spec.ts:215:7 › PDF Editor: privacy / network › no document content is ever sent off-device while editing and exporting 

    Error: page.goto: net::ERR_CONNECTION_REFUSED at http://127.0.0.1:3100/pdf/editor
    Call log:
      - navigating to "http://127.0.0.1:3100/pdf/editor", waiting until "networkidle"


      217 |     page.on("request", (req) => requests.push(req.url()));
      218 |
    > 219 |     await page.goto("/pdf/editor", { waitUntil: "networkidle" });
          |                ^
      220 |     await page.locator('input[type="file"]').setInputFiles(path.join(OCR_FIXTURES, "native-text.pdf"));
      221 |     await expect(page.locator('[data-testid="page-surface"]').first()).toBeVisible({ timeout: 15_000 });
      222 |
        at C:\Users\ravit\Desktop\my projects\thefileconvert\e2e\pdf-editor.spec.ts:219:16

    Error Context: test-results\pdf-editor-PDF-Editor-priv-fcdff-while-editing-and-exporting-mobile-chromium\error-context.md

    attachment #2: trace (application/zip) ─────────────────────────────────────────────────────────
    test-results\pdf-editor-PDF-Editor-priv-fcdff-while-editing-and-exporting-mobile-chromium\trace.zip
    Usage:

        npx playwright show-trace test-results\pdf-editor-PDF-Editor-priv-fcdff-while-editing-and-exporting-mobile-chromium\trace.zip

    ────────────────────────────────────────────────────────────────────────────────────────────────


  65) [mobile-chromium] › e2e\pdf-editor.spec.ts:236:7 › PDF Editor: security / error handling › a corrupted PDF fails safely with a friendly message 

    Error: page.goto: net::ERR_CONNECTION_REFUSED at http://127.0.0.1:3100/pdf/editor
    Call log:
      - navigating to "http://127.0.0.1:3100/pdf/editor", waiting until "load"


      237 |     const errors: string[] = [];
      238 |     page.on("pageerror", (e) => errors.push(e.message));
    > 239 |     await page.goto("/pdf/editor");
          |                ^
      240 |     await page.locator('input[type="file"]').setInputFiles(path.join(FIXTURES, "corrupted.pdf"));
      241 |     await expect(page.getByText(/couldn't read this PDF|damaged/i)).toBeVisible();
      242 |     expect(errors).toEqual([]);
        at C:\Users\ravit\Desktop\my projects\thefileconvert\e2e\pdf-editor.spec.ts:239:16

    Error Context: test-results\pdf-editor-PDF-Editor-secu-cf0c5-ely-with-a-friendly-message-mobile-chromium\error-context.md

    attachment #2: trace (application/zip) ─────────────────────────────────────────────────────────
    test-results\pdf-editor-PDF-Editor-secu-cf0c5-ely-with-a-friendly-message-mobile-chromium\trace.zip
    Usage:

        npx playwright show-trace test-results\pdf-editor-PDF-Editor-secu-cf0c5-ely-with-a-friendly-message-mobile-chromium\trace.zip

    ────────────────────────────────────────────────────────────────────────────────────────────────


  66) [mobile-chromium] › e2e\pdf-editor.spec.ts:245:7 › PDF Editor: security / error handling › a zero-byte file is rejected immediately 

    Error: page.goto: net::ERR_CONNECTION_REFUSED at http://127.0.0.1:3100/pdf/editor
    Call log:
      - navigating to "http://127.0.0.1:3100/pdf/editor", waiting until "load"


      244 |
      245 |   test("a zero-byte file is rejected immediately", async ({ page }) => {
    > 246 |     await page.goto("/pdf/editor");
          |                ^
      247 |     await page.locator('input[type="file"]').setInputFiles(path.join(FIXTURES, "zero-byte.pdf"));
      248 |     await expect(page.getByText(/empty/i)).toBeVisible();
      249 |   });
        at C:\Users\ravit\Desktop\my projects\thefileconvert\e2e\pdf-editor.spec.ts:246:16

    Error Context: test-results\pdf-editor-PDF-Editor-secu-b0a13-ile-is-rejected-immediately-mobile-chromium\error-context.md

    attachment #2: trace (application/zip) ─────────────────────────────────────────────────────────
    test-results\pdf-editor-PDF-Editor-secu-b0a13-ile-is-rejected-immediately-mobile-chromium\trace.zip
    Usage:

        npx playwright show-trace test-results\pdf-editor-PDF-Editor-secu-b0a13-ile-is-rejected-immediately-mobile-chromium\trace.zip

    ────────────────────────────────────────────────────────────────────────────────────────────────


  67) [mobile-chromium] › e2e\pdf-editor.spec.ts:199:7 › PDF Editor: OCR integration › OCR is never fetched until recognition is explicitly requested 

    Error: page.goto: net::ERR_CONNECTION_REFUSED at http://127.0.0.1:3100/pdf/editor
    Call log:
      - navigating to "http://127.0.0.1:3100/pdf/editor", waiting until "networkidle"


      201 |     page.on("request", (req) => requests.push(req.url()));
      202 |
    > 203 |     await page.goto("/pdf/editor", { waitUntil: "networkidle" });
          |                ^
      204 |     await page.locator('input[type="file"]').setInputFiles(path.join(OCR_FIXTURES, "native-text.pdf"));
      205 |     await expect(page.locator('[data-testid="page-surface"]').first()).toBeVisible({ timeout: 15_000 });
      206 |     await page.getByRole("button", { name: "Actual size (100%)" }).click(); // a phone opens fit to width
        at C:\Users\ravit\Desktop\my projects\thefileconvert\e2e\pdf-editor.spec.ts:203:16

    Error Context: test-results\pdf-editor-PDF-Editor-OCR--885e6-ion-is-explicitly-requested-mobile-chromium\error-context.md

    attachment #2: trace (application/zip) ─────────────────────────────────────────────────────────
    test-results\pdf-editor-PDF-Editor-OCR--885e6-ion-is-explicitly-requested-mobile-chromium\trace.zip
    Usage:

        npx playwright show-trace test-results\pdf-editor-PDF-Editor-OCR--885e6-ion-is-explicitly-requested-mobile-chromium\trace.zip

    ────────────────────────────────────────────────────────────────────────────────────────────────


[308/390] [mobile-chromium] › e2e\pdf-editor.spec.ts:251:7 › PDF Editor: security / error handling › an unsupported file type shows a friendly error
[309/390] [mobile-chromium] › e2e\pdf-merge.spec.ts:36:7 › PDF merge workflow › shows a friendly error state and allows retry when processing fails
[310/390] [mobile-chromium] › e2e\pdf-editor.spec.ts:259:7 › PDF Editor: responsive / mobile › no horizontal overflow and page panels are reachable via toggle buttons at 390px width
[311/390] [mobile-chromium] › e2e\pdf-merge.spec.ts:8:7 › PDF merge workflow › merges two PDFs and produces a valid combined PDF
  68) [mobile-chromium] › e2e\pdf-editor.spec.ts:259:7 › PDF Editor: responsive / mobile › no horizontal overflow and page panels are reachable via toggle buttons at 390px width 

    Error: page.goto: net::ERR_CONNECTION_REFUSED at http://127.0.0.1:3100/pdf/editor
    Call log:
      - navigating to "http://127.0.0.1:3100/pdf/editor", waiting until "load"


       8 |
       9 | async function openFile(page: Page, filePath: string) {
    > 10 |   await page.goto("/pdf/editor");
         |              ^
      11 |   await page.locator('input[type="file"]').setInputFiles(filePath);
      12 |   await expect(page.locator('[data-testid="page-surface"]').first()).toBeVisible({ timeout: 15_000 });
      13 |   await page.getByRole("button", { name: "Actual size (100%)" }).click(); // these tests assume 100% (a phone opens fit to width)
        at openFile (C:\Users\ravit\Desktop\my projects\thefileconvert\e2e\pdf-editor.spec.ts:10:14)
        at C:\Users\ravit\Desktop\my projects\thefileconvert\e2e\pdf-editor.spec.ts:261:11

    Error Context: test-results\pdf-editor-PDF-Editor-resp-c2186-ggle-buttons-at-390px-width-mobile-chromium\error-context.md

    attachment #2: trace (application/zip) ─────────────────────────────────────────────────────────
    test-results\pdf-editor-PDF-Editor-resp-c2186-ggle-buttons-at-390px-width-mobile-chromium\trace.zip
    Usage:

        npx playwright show-trace test-results\pdf-editor-PDF-Editor-resp-c2186-ggle-buttons-at-390px-width-mobile-chromium\trace.zip

    ────────────────────────────────────────────────────────────────────────────────────────────────


  69) [mobile-chromium] › e2e\pdf-merge.spec.ts:36:7 › PDF merge workflow › shows a friendly error state and allows retry when processing fails 

    Error: page.goto: net::ERR_CONNECTION_REFUSED at http://127.0.0.1:3100/pdf/delete-pages
    Call log:
      - navigating to "http://127.0.0.1:3100/pdf/delete-pages", waiting until "load"


      35 |
      36 |   test("shows a friendly error state and allows retry when processing fails", async ({ page }) => {
    > 37 |     await page.goto("/pdf/delete-pages");
         |                ^
      38 |     const fileInput = page.locator('input[type="file"]');
      39 |     await fileInput.setInputFiles(path.join(FIXTURES, "sample-a.pdf"));
      40 |
        at C:\Users\ravit\Desktop\my projects\thefileconvert\e2e\pdf-merge.spec.ts:37:16

    Error Context: test-results\pdf-merge-PDF-merge-workfl-3f72f-retry-when-processing-fails-mobile-chromium\error-context.md

    attachment #2: trace (application/zip) ─────────────────────────────────────────────────────────
    test-results\pdf-merge-PDF-merge-workfl-3f72f-retry-when-processing-fails-mobile-chromium\trace.zip
    Usage:

        npx playwright show-trace test-results\pdf-merge-PDF-merge-workfl-3f72f-retry-when-processing-fails-mobile-chromium\trace.zip

    ────────────────────────────────────────────────────────────────────────────────────────────────


  70) [mobile-chromium] › e2e\pdf-merge.spec.ts:8:7 › PDF merge workflow › merges two PDFs and produces a valid combined PDF 

    Error: page.goto: net::ERR_CONNECTION_REFUSED at http://127.0.0.1:3100/pdf/merge
    Call log:
      - navigating to "http://127.0.0.1:3100/pdf/merge", waiting until "load"


       7 | test.describe("PDF merge workflow", () => {
       8 |   test("merges two PDFs and produces a valid combined PDF", async ({ page }) => {
    >  9 |     await page.goto("/pdf/merge");
         |                ^
      10 |
      11 |     const fileInput = page.locator('input[type="file"]');
      12 |     await fileInput.setInputFiles([path.join(FIXTURES, "sample-a.pdf"), path.join(FIXTURES, "sample-b.pdf")]);
        at C:\Users\ravit\Desktop\my projects\thefileconvert\e2e\pdf-merge.spec.ts:9:16

    Error Context: test-results\pdf-merge-PDF-merge-workfl-ec25c-oduces-a-valid-combined-PDF-mobile-chromium\error-context.md

    attachment #2: trace (application/zip) ─────────────────────────────────────────────────────────
    test-results\pdf-merge-PDF-merge-workfl-ec25c-oduces-a-valid-combined-PDF-mobile-chromium\trace.zip
    Usage:

        npx playwright show-trace test-results\pdf-merge-PDF-merge-workfl-ec25c-oduces-a-valid-combined-PDF-mobile-chromium\trace.zip

    ────────────────────────────────────────────────────────────────────────────────────────────────


  71) [mobile-chromium] › e2e\pdf-editor.spec.ts:251:7 › PDF Editor: security / error handling › an unsupported file type shows a friendly error 

    Error: page.goto: net::ERR_CONNECTION_REFUSED at http://127.0.0.1:3100/pdf/editor
    Call log:
      - navigating to "http://127.0.0.1:3100/pdf/editor", waiting until "load"


      250 |
      251 |   test("an unsupported file type shows a friendly error", async ({ page }) => {
    > 252 |     await page.goto("/pdf/editor");
          |                ^
      253 |     await page.locator('input[type="file"]').setInputFiles(path.join(FIXTURES, "sample.csv"));
      254 |     await expect(page.getByText(/isn't supported/i)).toBeVisible();
      255 |   });
        at C:\Users\ravit\Desktop\my projects\thefileconvert\e2e\pdf-editor.spec.ts:252:16

    Error Context: test-results\pdf-editor-PDF-Editor-secu-d00dc-type-shows-a-friendly-error-mobile-chromium\error-context.md

    attachment #2: trace (application/zip) ─────────────────────────────────────────────────────────
    test-results\pdf-editor-PDF-Editor-secu-d00dc-type-shows-a-friendly-error-mobile-chromium\trace.zip
    Usage:

        npx playwright show-trace test-results\pdf-editor-PDF-Editor-secu-d00dc-type-shows-a-friendly-error-mobile-chromium\trace.zip

    ────────────────────────────────────────────────────────────────────────────────────────────────


[312/390] [mobile-chromium] › e2e\quality-acceptance.spec.ts:61:7 › PDF merge / reorder › merge: files can be reordered in the list, and the output follows that order
[313/390] [mobile-chromium] › e2e\quality-acceptance.spec.ts:277:7 › Text tools › text diff says when the two texts are identical
[314/390] [mobile-chromium] › e2e\quality-acceptance.spec.ts:135:7 › PDF compress (target-size) tells the truth › a target the free lossless pass already meets merges duplicate images and reports real sizes
[315/390] [mobile-chromium] › e2e\quality-acceptance.spec.ts:210:7 › Image tools protect transparency and say what they did › crop: dragging on the preview draws the box under the pointer and crops exactly that region
[316/390] [mobile-chromium] › e2e\quality-acceptance.spec.ts:232:7 › PDF metadata removal › clears every document-information entry and keeps the content
  72) [mobile-chromium] › e2e\quality-acceptance.spec.ts:135:7 › PDF compress (target-size) tells the truth › a target the free lossless pass already meets merges duplicate images and reports real sizes 

    Error: page.goto: net::ERR_CONNECTION_REFUSED at http://127.0.0.1:3100/pdf/compress
    Call log:
      - navigating to "http://127.0.0.1:3100/pdf/compress", waiting until "load"


      30 |
      31 | async function upload(page: Page, route: string, ...files: string[]) {
    > 32 |   await page.goto(route);
         |              ^
      33 |   await page.locator('input[type="file"]').first().setInputFiles(files.map(fixture));
      34 | }
      35 |
        at upload (C:\Users\ravit\Desktop\my projects\thefileconvert\e2e\quality-acceptance.spec.ts:32:14)
        at C:\Users\ravit\Desktop\my projects\thefileconvert\e2e\quality-acceptance.spec.ts:136:11

    Error Context: test-results\quality-acceptance-PDF-com-cf472-ages-and-reports-real-sizes-mobile-chromium\error-context.md

    attachment #2: trace (application/zip) ─────────────────────────────────────────────────────────
    test-results\quality-acceptance-PDF-com-cf472-ages-and-reports-real-sizes-mobile-chromium\trace.zip
    Usage:

        npx playwright show-trace test-results\quality-acceptance-PDF-com-cf472-ages-and-reports-real-sizes-mobile-chromium\trace.zip

    ────────────────────────────────────────────────────────────────────────────────────────────────


  73) [mobile-chromium] › e2e\quality-acceptance.spec.ts:61:7 › PDF merge / reorder › merge: files can be reordered in the list, and the output follows that order 

    Error: page.goto: net::ERR_CONNECTION_REFUSED at http://127.0.0.1:3100/pdf/merge
    Call log:
      - navigating to "http://127.0.0.1:3100/pdf/merge", waiting until "load"


      30 |
      31 | async function upload(page: Page, route: string, ...files: string[]) {
    > 32 |   await page.goto(route);
         |              ^
      33 |   await page.locator('input[type="file"]').first().setInputFiles(files.map(fixture));
      34 | }
      35 |
        at upload (C:\Users\ravit\Desktop\my projects\thefileconvert\e2e\quality-acceptance.spec.ts:32:14)
        at C:\Users\ravit\Desktop\my projects\thefileconvert\e2e\quality-acceptance.spec.ts:62:11

    Error Context: test-results\quality-acceptance-PDF-mer-2ecb1-e-output-follows-that-order-mobile-chromium\error-context.md

    attachment #2: trace (application/zip) ─────────────────────────────────────────────────────────
    test-results\quality-acceptance-PDF-mer-2ecb1-e-output-follows-that-order-mobile-chromium\trace.zip
    Usage:

        npx playwright show-trace test-results\quality-acceptance-PDF-mer-2ecb1-e-output-follows-that-order-mobile-chromium\trace.zip

    ────────────────────────────────────────────────────────────────────────────────────────────────


  74) [mobile-chromium] › e2e\quality-acceptance.spec.ts:277:7 › Text tools › text diff says when the two texts are identical 

    Error: page.goto: net::ERR_CONNECTION_REFUSED at http://127.0.0.1:3100/data/text-diff
    Call log:
      - navigating to "http://127.0.0.1:3100/data/text-diff", waiting until "load"


      276 |
      277 |   test("text diff says when the two texts are identical", async ({ page }) => {
    > 278 |     await page.goto("/data/text-diff");
          |                ^
      279 |     const tas = page.locator("main textarea");
      280 |     await tas.nth(0).fill("same\ntext");
      281 |     await tas.nth(1).fill("same\ntext");
        at C:\Users\ravit\Desktop\my projects\thefileconvert\e2e\quality-acceptance.spec.ts:278:16

    Error Context: test-results\quality-acceptance-Text-to-0d1f1-the-two-texts-are-identical-mobile-chromium\error-context.md

    attachment #2: trace (application/zip) ─────────────────────────────────────────────────────────
    test-results\quality-acceptance-Text-to-0d1f1-the-two-texts-are-identical-mobile-chromium\trace.zip
    Usage:

        npx playwright show-trace test-results\quality-acceptance-Text-to-0d1f1-the-two-texts-are-identical-mobile-chromium\trace.zip

    ────────────────────────────────────────────────────────────────────────────────────────────────


  75) [mobile-chromium] › e2e\quality-acceptance.spec.ts:232:7 › PDF metadata removal › clears every document-information entry and keeps the content 

    Error: page.goto: net::ERR_CONNECTION_REFUSED at http://127.0.0.1:3100/pdf/metadata
    Call log:
      - navigating to "http://127.0.0.1:3100/pdf/metadata", waiting until "load"


      30 |
      31 | async function upload(page: Page, route: string, ...files: string[]) {
    > 32 |   await page.goto(route);
         |              ^
      33 |   await page.locator('input[type="file"]').first().setInputFiles(files.map(fixture));
      34 | }
      35 |
        at upload (C:\Users\ravit\Desktop\my projects\thefileconvert\e2e\quality-acceptance.spec.ts:32:14)
        at C:\Users\ravit\Desktop\my projects\thefileconvert\e2e\quality-acceptance.spec.ts:233:11

    Error Context: test-results\quality-acceptance-PDF-met-b584e-entry-and-keeps-the-content-mobile-chromium\error-context.md

    attachment #2: trace (application/zip) ─────────────────────────────────────────────────────────
    test-results\quality-acceptance-PDF-met-b584e-entry-and-keeps-the-content-mobile-chromium\trace.zip
    Usage:

        npx playwright show-trace test-results\quality-acceptance-PDF-met-b584e-entry-and-keeps-the-content-mobile-chromium\trace.zip

    ────────────────────────────────────────────────────────────────────────────────────────────────


[317/390] [mobile-chromium] › e2e\quality-acceptance.spec.ts:148:7 › PDF compress (target-size) tells the truth › an image-only scan: a loose target needs no quality loss, a tight one walks the ladder and shrinks a lot
[318/390] [mobile-chromium] › e2e\quality-acceptance.spec.ts:72:7 › PDF merge / reorder › reorder: pages show thumbnails, and drag-and-drop plus an arrow give the exported order
[319/390] [mobile-chromium] › e2e\quality-acceptance.spec.ts:288:7 › Documents › TXT to PDF: characters the PDF fonts cannot draw are reported, not turned into an encoding error
[320/390] [mobile-chromium] › e2e\quality-acceptance.spec.ts:252:7 › Text tools › CSV with an unclosed quote is reported, not silently mangled
[321/390] [mobile-chromium] › e2e\quality-acceptance.spec.ts:83:7 › PDF merge / reorder › reorder: arrows are labelled per page and move that page
  76) [mobile-chromium] › e2e\quality-acceptance.spec.ts:148:7 › PDF compress (target-size) tells the truth › an image-only scan: a loose target needs no quality loss, a tight one walks the ladder and shrinks a lot 

    Error: page.goto: net::ERR_CONNECTION_REFUSED at http://127.0.0.1:3100/pdf/compress
    Call log:
      - navigating to "http://127.0.0.1:3100/pdf/compress", waiting until "load"


      30 |
      31 | async function upload(page: Page, route: string, ...files: string[]) {
    > 32 |   await page.goto(route);
         |              ^
      33 |   await page.locator('input[type="file"]').first().setInputFiles(files.map(fixture));
      34 | }
      35 |
        at upload (C:\Users\ravit\Desktop\my projects\thefileconvert\e2e\quality-acceptance.spec.ts:32:14)
        at C:\Users\ravit\Desktop\my projects\thefileconvert\e2e\quality-acceptance.spec.ts:150:11

    Error Context: test-results\quality-acceptance-PDF-com-8af4d-he-ladder-and-shrinks-a-lot-mobile-chromium\error-context.md

    attachment #2: trace (application/zip) ─────────────────────────────────────────────────────────
    test-results\quality-acceptance-PDF-com-8af4d-he-ladder-and-shrinks-a-lot-mobile-chromium\trace.zip
    Usage:

        npx playwright show-trace test-results\quality-acceptance-PDF-com-8af4d-he-ladder-and-shrinks-a-lot-mobile-chromium\trace.zip

    ────────────────────────────────────────────────────────────────────────────────────────────────


  77) [mobile-chromium] › e2e\quality-acceptance.spec.ts:83:7 › PDF merge / reorder › reorder: arrows are labelled per page and move that page 

    Error: page.goto: net::ERR_CONNECTION_REFUSED at http://127.0.0.1:3100/pdf/reorder
    Call log:
      - navigating to "http://127.0.0.1:3100/pdf/reorder", waiting until "load"


      30 |
      31 | async function upload(page: Page, route: string, ...files: string[]) {
    > 32 |   await page.goto(route);
         |              ^
      33 |   await page.locator('input[type="file"]').first().setInputFiles(files.map(fixture));
      34 | }
      35 |
        at upload (C:\Users\ravit\Desktop\my projects\thefileconvert\e2e\quality-acceptance.spec.ts:32:14)
        at C:\Users\ravit\Desktop\my projects\thefileconvert\e2e\quality-acceptance.spec.ts:84:11

    Error Context: test-results\quality-acceptance-PDF-mer-64b2d-per-page-and-move-that-page-mobile-chromium\error-context.md

    attachment #2: trace (application/zip) ─────────────────────────────────────────────────────────
    test-results\quality-acceptance-PDF-mer-64b2d-per-page-and-move-that-page-mobile-chromium\trace.zip
    Usage:

        npx playwright show-trace test-results\quality-acceptance-PDF-mer-64b2d-per-page-and-move-that-page-mobile-chromium\trace.zip

    ────────────────────────────────────────────────────────────────────────────────────────────────


  78) [mobile-chromium] › e2e\quality-acceptance.spec.ts:288:7 › Documents › TXT to PDF: characters the PDF fonts cannot draw are reported, not turned into an encoding error 

    Error: page.goto: net::ERR_CONNECTION_REFUSED at http://127.0.0.1:3100/document/txt-to-pdf
    Call log:
      - navigating to "http://127.0.0.1:3100/document/txt-to-pdf", waiting until "load"


      287 | test.describe("Documents", () => {
      288 |   test("TXT to PDF: characters the PDF fonts cannot draw are reported, not turned into an encoding error", async ({ page }) => {
    > 289 |     await page.goto("/document/txt-to-pdf");
          |                ^
      290 |     await page.locator("main textarea").first().fill("Done ✓ and 日本語");
      291 |     await page.getByRole("button", { name: /^Convert/ }).click();
      292 |     await expect(page.getByText(/is ready/)).toBeVisible();
        at C:\Users\ravit\Desktop\my projects\thefileconvert\e2e\quality-acceptance.spec.ts:289:16

    Error Context: test-results\quality-acceptance-Documen-efcc5-rned-into-an-encoding-error-mobile-chromium\error-context.md

    attachment #2: trace (application/zip) ─────────────────────────────────────────────────────────
    test-results\quality-acceptance-Documen-efcc5-rned-into-an-encoding-error-mobile-chromium\trace.zip
    Usage:

        npx playwright show-trace test-results\quality-acceptance-Documen-efcc5-rned-into-an-encoding-error-mobile-chromium\trace.zip

    ────────────────────────────────────────────────────────────────────────────────────────────────


  79) [mobile-chromium] › e2e\quality-acceptance.spec.ts:252:7 › Text tools › CSV with an unclosed quote is reported, not silently mangled 

    Error: page.goto: net::ERR_CONNECTION_REFUSED at http://127.0.0.1:3100/data/csv-to-json
    Call log:
      - navigating to "http://127.0.0.1:3100/data/csv-to-json", waiting until "load"


      245 | test.describe("Text tools", () => {
      246 |   const run = async (page: Page, route: string, input: string, button: RegExp) => {
    > 247 |     await page.goto(route);
          |                ^
      248 |     await page.locator("main textarea").first().fill(input);
      249 |     await page.getByRole("button", { name: button }).click();
      250 |   };
        at run (C:\Users\ravit\Desktop\my projects\thefileconvert\e2e\quality-acceptance.spec.ts:247:16)
        at C:\Users\ravit\Desktop\my projects\thefileconvert\e2e\quality-acceptance.spec.ts:253:11

    Error Context: test-results\quality-acceptance-Text-to-739a6-ported-not-silently-mangled-mobile-chromium\error-context.md

    attachment #2: trace (application/zip) ─────────────────────────────────────────────────────────
    test-results\quality-acceptance-Text-to-739a6-ported-not-silently-mangled-mobile-chromium\trace.zip
    Usage:

        npx playwright show-trace test-results\quality-acceptance-Text-to-739a6-ported-not-silently-mangled-mobile-chromium\trace.zip

    ────────────────────────────────────────────────────────────────────────────────────────────────


[322/390] [mobile-chromium] › e2e\quality-acceptance.spec.ts:173:7 › Image tools protect transparency and say what they did › compress (target-size): a transparent PNG is automatically kept in a format that preserves transparency
[323/390] [mobile-chromium] › e2e\quality-acceptance.spec.ts:94:7 › PDF pages keep their displayed orientation › PDF to images: a page stored rotated 90 degrees comes out landscape
[324/390] [mobile-chromium] › e2e\quality-acceptance.spec.ts:298:7 › Documents › editing the text after converting drops the stale Download button
[325/390] [mobile-chromium] › e2e\quality-acceptance.spec.ts:257:7 › Text tools › JSON to CSV writes nested values as JSON text, never [object Object]
  80) [mobile-chromium] › e2e\quality-acceptance.spec.ts:173:7 › Image tools protect transparency and say what they did › compress (target-size): a transparent PNG is automatically kept in a format that preserves transparency 

    Error: page.goto: net::ERR_CONNECTION_REFUSED at http://127.0.0.1:3100/image/compress
    Call log:
      - navigating to "http://127.0.0.1:3100/image/compress", waiting until "load"


      30 |
      31 | async function upload(page: Page, route: string, ...files: string[]) {
    > 32 |   await page.goto(route);
         |              ^
      33 |   await page.locator('input[type="file"]').first().setInputFiles(files.map(fixture));
      34 | }
      35 |
        at upload (C:\Users\ravit\Desktop\my projects\thefileconvert\e2e\quality-acceptance.spec.ts:32:14)
        at C:\Users\ravit\Desktop\my projects\thefileconvert\e2e\quality-acceptance.spec.ts:174:11

    Error Context: test-results\quality-acceptance-Image-t-a0439-that-preserves-transparency-mobile-chromium\error-context.md

    attachment #2: trace (application/zip) ─────────────────────────────────────────────────────────
    test-results\quality-acceptance-Image-t-a0439-that-preserves-transparency-mobile-chromium\trace.zip
    Usage:

        npx playwright show-trace test-results\quality-acceptance-Image-t-a0439-that-preserves-transparency-mobile-chromium\trace.zip

    ────────────────────────────────────────────────────────────────────────────────────────────────


  81) [mobile-chromium] › e2e\quality-acceptance.spec.ts:257:7 › Text tools › JSON to CSV writes nested values as JSON text, never [object Object] 

    Error: page.goto: net::ERR_CONNECTION_REFUSED at http://127.0.0.1:3100/data/json-to-csv
    Call log:
      - navigating to "http://127.0.0.1:3100/data/json-to-csv", waiting until "load"


      245 | test.describe("Text tools", () => {
      246 |   const run = async (page: Page, route: string, input: string, button: RegExp) => {
    > 247 |     await page.goto(route);
          |                ^
      248 |     await page.locator("main textarea").first().fill(input);
      249 |     await page.getByRole("button", { name: button }).click();
      250 |   };
        at run (C:\Users\ravit\Desktop\my projects\thefileconvert\e2e\quality-acceptance.spec.ts:247:16)
        at C:\Users\ravit\Desktop\my projects\thefileconvert\e2e\quality-acceptance.spec.ts:258:11

    Error Context: test-results\quality-acceptance-Text-to-421c7-N-text-never-object-Object--mobile-chromium\error-context.md

    attachment #2: trace (application/zip) ─────────────────────────────────────────────────────────
    test-results\quality-acceptance-Text-to-421c7-N-text-never-object-Object--mobile-chromium\trace.zip
    Usage:

        npx playwright show-trace test-results\quality-acceptance-Text-to-421c7-N-text-never-object-Object--mobile-chromium\trace.zip

    ────────────────────────────────────────────────────────────────────────────────────────────────


  82) [mobile-chromium] › e2e\quality-acceptance.spec.ts:298:7 › Documents › editing the text after converting drops the stale Download button 

    Error: page.goto: net::ERR_CONNECTION_REFUSED at http://127.0.0.1:3100/document/txt-to-pdf
    Call log:
      - navigating to "http://127.0.0.1:3100/document/txt-to-pdf", waiting until "load"


      297 |
      298 |   test("editing the text after converting drops the stale Download button", async ({ page }) => {
    > 299 |     await page.goto("/document/txt-to-pdf");
          |                ^
      300 |     await page.locator("main textarea").first().fill("first version");
      301 |     await page.getByRole("button", { name: /^Convert/ }).click();
      302 |     await expect(page.getByRole("button", { name: /^Download/ })).toBeVisible();
        at C:\Users\ravit\Desktop\my projects\thefileconvert\e2e\quality-acceptance.spec.ts:299:16

    Error Context: test-results\quality-acceptance-Documen-163e1-s-the-stale-Download-button-mobile-chromium\error-context.md

    attachment #2: trace (application/zip) ─────────────────────────────────────────────────────────
    test-results\quality-acceptance-Documen-163e1-s-the-stale-Download-button-mobile-chromium\trace.zip
    Usage:

        npx playwright show-trace test-results\quality-acceptance-Documen-163e1-s-the-stale-Download-button-mobile-chromium\trace.zip

    ────────────────────────────────────────────────────────────────────────────────────────────────


  83) [mobile-chromium] › e2e\quality-acceptance.spec.ts:94:7 › PDF pages keep their displayed orientation › PDF to images: a page stored rotated 90 degrees comes out landscape 

    Error: page.goto: net::ERR_CONNECTION_REFUSED at http://127.0.0.1:3100/pdf/to-images
    Call log:
      - navigating to "http://127.0.0.1:3100/pdf/to-images", waiting until "load"


      30 |
      31 | async function upload(page: Page, route: string, ...files: string[]) {
    > 32 |   await page.goto(route);
         |              ^
      33 |   await page.locator('input[type="file"]').first().setInputFiles(files.map(fixture));
      34 | }
      35 |
        at upload (C:\Users\ravit\Desktop\my projects\thefileconvert\e2e\quality-acceptance.spec.ts:32:14)
        at C:\Users\ravit\Desktop\my projects\thefileconvert\e2e\quality-acceptance.spec.ts:95:11

    Error Context: test-results\quality-acceptance-PDF-pag-cc356-degrees-comes-out-landscape-mobile-chromium\error-context.md

    attachment #2: trace (application/zip) ─────────────────────────────────────────────────────────
    test-results\quality-acceptance-PDF-pag-cc356-degrees-comes-out-landscape-mobile-chromium\trace.zip
    Usage:

        npx playwright show-trace test-results\quality-acceptance-PDF-pag-cc356-degrees-comes-out-landscape-mobile-chromium\trace.zip

    ────────────────────────────────────────────────────────────────────────────────────────────────


[326/390] [mobile-chromium] › e2e\quality-acceptance.spec.ts:182:7 › Image tools protect transparency and say what they did › compress (target-size): a very tight target on a transparent image still keeps transparency, and says it converted format
[327/390] [mobile-chromium] › e2e\quality-acceptance.spec.ts:307:7 › Documents › Markdown to HTML: tables render, snake_case survives, and javascript: links are removed
[328/390] [mobile-chromium] › e2e\quality-acceptance.spec.ts:264:7 › Text tools › XML pretty-print keeps the xml declaration
[329/390] [mobile-chromium] › e2e\quality-acceptance.spec.ts:108:7 › PDF pages keep their displayed orientation › page numbers land at the displayed bottom of a rotated page, not its stored bottom
  84) [mobile-chromium] › e2e\quality-acceptance.spec.ts:307:7 › Documents › Markdown to HTML: tables render, snake_case survives, and javascript: links are removed 

    Error: page.goto: net::ERR_CONNECTION_REFUSED at http://127.0.0.1:3100/document/markdown-to-html
    Call log:
      - navigating to "http://127.0.0.1:3100/document/markdown-to-html", waiting until "load"


      306 |
      307 |   test("Markdown to HTML: tables render, snake_case survives, and javascript: links are removed", async ({ page }) => {
    > 308 |     await page.goto("/document/markdown-to-html");
          |                ^
      309 |     await page.locator("main textarea").first().fill("| A | B |\n| - | - |\n| 1 | 2 |\n\nuse my_var_name [bad](javascript:alert(1)) [ok](https://example.com)");
      310 |     await page.getByRole("button", { name: /^Convert/ }).click();
      311 |     const html = await page.locator("main textarea").nth(1).inputValue();
        at C:\Users\ravit\Desktop\my projects\thefileconvert\e2e\quality-acceptance.spec.ts:308:16

    Error Context: test-results\quality-acceptance-Documen-6ea85-avascript-links-are-removed-mobile-chromium\error-context.md

    attachment #2: trace (application/zip) ─────────────────────────────────────────────────────────
    test-results\quality-acceptance-Documen-6ea85-avascript-links-are-removed-mobile-chromium\trace.zip
    Usage:

        npx playwright show-trace test-results\quality-acceptance-Documen-6ea85-avascript-links-are-removed-mobile-chromium\trace.zip

    ────────────────────────────────────────────────────────────────────────────────────────────────


  85) [mobile-chromium] › e2e\quality-acceptance.spec.ts:182:7 › Image tools protect transparency and say what they did › compress (target-size): a very tight target on a transparent image still keeps transparency, and says it converted format 

    Error: page.goto: net::ERR_CONNECTION_REFUSED at http://127.0.0.1:3100/image/compress
    Call log:
      - navigating to "http://127.0.0.1:3100/image/compress", waiting until "load"


      30 |
      31 | async function upload(page: Page, route: string, ...files: string[]) {
    > 32 |   await page.goto(route);
         |              ^
      33 |   await page.locator('input[type="file"]').first().setInputFiles(files.map(fixture));
      34 | }
      35 |
        at upload (C:\Users\ravit\Desktop\my projects\thefileconvert\e2e\quality-acceptance.spec.ts:32:14)
        at C:\Users\ravit\Desktop\my projects\thefileconvert\e2e\quality-acceptance.spec.ts:183:11

    Error Context: test-results\quality-acceptance-Image-t-bfe84-nd-says-it-converted-format-mobile-chromium\error-context.md

    attachment #2: trace (application/zip) ─────────────────────────────────────────────────────────
    test-results\quality-acceptance-Image-t-bfe84-nd-says-it-converted-format-mobile-chromium\trace.zip
    Usage:

        npx playwright show-trace test-results\quality-acceptance-Image-t-bfe84-nd-says-it-converted-format-mobile-chromium\trace.zip

    ────────────────────────────────────────────────────────────────────────────────────────────────


  86) [mobile-chromium] › e2e\quality-acceptance.spec.ts:264:7 › Text tools › XML pretty-print keeps the xml declaration 

    Error: page.goto: net::ERR_CONNECTION_REFUSED at http://127.0.0.1:3100/data/xml-formatter
    Call log:
      - navigating to "http://127.0.0.1:3100/data/xml-formatter", waiting until "load"


      245 | test.describe("Text tools", () => {
      246 |   const run = async (page: Page, route: string, input: string, button: RegExp) => {
    > 247 |     await page.goto(route);
          |                ^
      248 |     await page.locator("main textarea").first().fill(input);
      249 |     await page.getByRole("button", { name: button }).click();
      250 |   };
        at run (C:\Users\ravit\Desktop\my projects\thefileconvert\e2e\quality-acceptance.spec.ts:247:16)
        at C:\Users\ravit\Desktop\my projects\thefileconvert\e2e\quality-acceptance.spec.ts:265:11

    Error Context: test-results\quality-acceptance-Text-to-2fc4a-t-keeps-the-xml-declaration-mobile-chromium\error-context.md

    attachment #2: trace (application/zip) ─────────────────────────────────────────────────────────
    test-results\quality-acceptance-Text-to-2fc4a-t-keeps-the-xml-declaration-mobile-chromium\trace.zip
    Usage:

        npx playwright show-trace test-results\quality-acceptance-Text-to-2fc4a-t-keeps-the-xml-declaration-mobile-chromium\trace.zip

    ────────────────────────────────────────────────────────────────────────────────────────────────


  87) [mobile-chromium] › e2e\quality-acceptance.spec.ts:108:7 › PDF pages keep their displayed orientation › page numbers land at the displayed bottom of a rotated page, not its stored bottom 

    Error: page.goto: net::ERR_CONNECTION_REFUSED at http://127.0.0.1:3100/pdf/page-numbers
    Call log:
      - navigating to "http://127.0.0.1:3100/pdf/page-numbers", waiting until "load"


      30 |
      31 | async function upload(page: Page, route: string, ...files: string[]) {
    > 32 |   await page.goto(route);
         |              ^
      33 |   await page.locator('input[type="file"]').first().setInputFiles(files.map(fixture));
      34 | }
      35 |
        at upload (C:\Users\ravit\Desktop\my projects\thefileconvert\e2e\quality-acceptance.spec.ts:32:14)
        at C:\Users\ravit\Desktop\my projects\thefileconvert\e2e\quality-acceptance.spec.ts:109:11

    Error Context: test-results\quality-acceptance-PDF-pag-2d40f--page-not-its-stored-bottom-mobile-chromium\error-context.md

    attachment #2: trace (application/zip) ─────────────────────────────────────────────────────────
    test-results\quality-acceptance-PDF-pag-2d40f--page-not-its-stored-bottom-mobile-chromium\trace.zip
    Usage:

        npx playwright show-trace test-results\quality-acceptance-PDF-pag-2d40f--page-not-its-stored-bottom-mobile-chromium\trace.zip

    ────────────────────────────────────────────────────────────────────────────────────────────────


[330/390] [mobile-chromium] › e2e\quality-acceptance.spec.ts:320:7 › Home page › the file chosen on the home page is already loaded in the tool it leads to, and specific tools come first
[331/390] [mobile-chromium] › e2e\quality-acceptance.spec.ts:269:7 › Text tools › case converter keeps accented letters
[332/390] [mobile-chromium] › e2e\quality-acceptance.spec.ts:194:7 › Image tools protect transparency and say what they did › compress (target-size): an already-small JPG under the target comes back unchanged instead of possibly larger
[333/390] [mobile-chromium] › e2e\quality-acceptance.spec.ts:125:7 › PDF pages keep their displayed orientation › watermark text the PDF fonts cannot draw gives a plain-language message, not an encoding error
  88) [mobile-chromium] › e2e\quality-acceptance.spec.ts:269:7 › Text tools › case converter keeps accented letters 

    Error: page.goto: net::ERR_CONNECTION_REFUSED at http://127.0.0.1:3100/data/case-converter
    Call log:
      - navigating to "http://127.0.0.1:3100/data/case-converter", waiting until "load"


      268 |
      269 |   test("case converter keeps accented letters", async ({ page }) => {
    > 270 |     await page.goto("/data/case-converter");
          |                ^
      271 |     await page.locator("select").first().selectOption({ label: "kebab-case" });
      272 |     await page.locator("main textarea").first().fill("café au lait, it's Ünïcode");
      273 |     await page.getByRole("button", { name: /^Convert case/ }).click();
        at C:\Users\ravit\Desktop\my projects\thefileconvert\e2e\quality-acceptance.spec.ts:270:16

    Error Context: test-results\quality-acceptance-Text-to-b778c-rter-keeps-accented-letters-mobile-chromium\error-context.md

    attachment #2: trace (application/zip) ─────────────────────────────────────────────────────────
    test-results\quality-acceptance-Text-to-b778c-rter-keeps-accented-letters-mobile-chromium\trace.zip
    Usage:

        npx playwright show-trace test-results\quality-acceptance-Text-to-b778c-rter-keeps-accented-letters-mobile-chromium\trace.zip

    ────────────────────────────────────────────────────────────────────────────────────────────────


  89) [mobile-chromium] › e2e\quality-acceptance.spec.ts:125:7 › PDF pages keep their displayed orientation › watermark text the PDF fonts cannot draw gives a plain-language message, not an encoding error 

    Error: page.goto: net::ERR_CONNECTION_REFUSED at http://127.0.0.1:3100/pdf/watermark
    Call log:
      - navigating to "http://127.0.0.1:3100/pdf/watermark", waiting until "load"


      30 |
      31 | async function upload(page: Page, route: string, ...files: string[]) {
    > 32 |   await page.goto(route);
         |              ^
      33 |   await page.locator('input[type="file"]').first().setInputFiles(files.map(fixture));
      34 | }
      35 |
        at upload (C:\Users\ravit\Desktop\my projects\thefileconvert\e2e\quality-acceptance.spec.ts:32:14)
        at C:\Users\ravit\Desktop\my projects\thefileconvert\e2e\quality-acceptance.spec.ts:126:11

    Error Context: test-results\quality-acceptance-PDF-pag-80012-ssage-not-an-encoding-error-mobile-chromium\error-context.md

    attachment #2: trace (application/zip) ─────────────────────────────────────────────────────────
    test-results\quality-acceptance-PDF-pag-80012-ssage-not-an-encoding-error-mobile-chromium\trace.zip
    Usage:

        npx playwright show-trace test-results\quality-acceptance-PDF-pag-80012-ssage-not-an-encoding-error-mobile-chromium\trace.zip

    ────────────────────────────────────────────────────────────────────────────────────────────────


  90) [mobile-chromium] › e2e\quality-acceptance.spec.ts:194:7 › Image tools protect transparency and say what they did › compress (target-size): an already-small JPG under the target comes back unchanged instead of possibly larger 

    Error: page.goto: net::ERR_CONNECTION_REFUSED at http://127.0.0.1:3100/image/compress
    Call log:
      - navigating to "http://127.0.0.1:3100/image/compress", waiting until "load"


      30 |
      31 | async function upload(page: Page, route: string, ...files: string[]) {
    > 32 |   await page.goto(route);
         |              ^
      33 |   await page.locator('input[type="file"]').first().setInputFiles(files.map(fixture));
      34 | }
      35 |
        at upload (C:\Users\ravit\Desktop\my projects\thefileconvert\e2e\quality-acceptance.spec.ts:32:14)
        at C:\Users\ravit\Desktop\my projects\thefileconvert\e2e\quality-acceptance.spec.ts:195:11

    Error Context: test-results\quality-acceptance-Image-t-50312--instead-of-possibly-larger-mobile-chromium\error-context.md

    attachment #2: trace (application/zip) ─────────────────────────────────────────────────────────
    test-results\quality-acceptance-Image-t-50312--instead-of-possibly-larger-mobile-chromium\trace.zip
    Usage:

        npx playwright show-trace test-results\quality-acceptance-Image-t-50312--instead-of-possibly-larger-mobile-chromium\trace.zip

    ────────────────────────────────────────────────────────────────────────────────────────────────


  91) [mobile-chromium] › e2e\quality-acceptance.spec.ts:320:7 › Home page › the file chosen on the home page is already loaded in the tool it leads to, and specific tools come first 

    Error: page.goto: net::ERR_CONNECTION_REFUSED at http://127.0.0.1:3100/
    Call log:
      - navigating to "http://127.0.0.1:3100/", waiting until "load"


      319 | test.describe("Home page", () => {
      320 |   test("the file chosen on the home page is already loaded in the tool it leads to, and specific tools come first", async ({ page }) => {
    > 321 |     await page.goto("/");
          |                ^
      322 |     await page.locator('input[type="file"]').first().setInputFiles(fixture("img-quadrants.png"));
      323 |     const first = page.locator("p:has-text('Available actions') + div a").first();
      324 |     await expect(first).toHaveAttribute("href", /\/convert\/png-to-/); // a PNG-specific converter outranks generic image tools
        at C:\Users\ravit\Desktop\my projects\thefileconvert\e2e\quality-acceptance.spec.ts:321:16

    Error Context: test-results\quality-acceptance-Home-pa-db1b4-d-specific-tools-come-first-mobile-chromium\error-context.md

    attachment #2: trace (application/zip) ─────────────────────────────────────────────────────────
    test-results\quality-acceptance-Home-pa-db1b4-d-specific-tools-come-first-mobile-chromium\trace.zip
    Usage:

        npx playwright show-trace test-results\quality-acceptance-Home-pa-db1b4-d-specific-tools-come-first-mobile-chromium\trace.zip

    ────────────────────────────────────────────────────────────────────────────────────────────────


[334/390] [mobile-chromium] › e2e\security-edge-cases.spec.ts:7:7 › Security edge cases fail safely › a file with the right extension but wrong content fails with a friendly message
[335/390] [mobile-chromium] › e2e\security-edge-cases.spec.ts:20:7 › Security edge cases fail safely › a truncated/corrupted PDF fails with a friendly message
[336/390] [mobile-chromium] › e2e\quality-acceptance.spec.ts:203:7 › Image tools protect transparency and say what they did › resize, rotate and crop keep a PNG a PNG by default
[337/390] [mobile-chromium] › e2e\quality-acceptance.spec.ts:333:7 › Editor search reflects edits › search finds corrected native text and typed text, and no longer finds the text that was replaced
  92) [mobile-chromium] › e2e\security-edge-cases.spec.ts:7:7 › Security edge cases fail safely › a file with the right extension but wrong content fails with a friendly message 

    Error: page.goto: net::ERR_CONNECTION_REFUSED at http://127.0.0.1:3100/pdf/merge
    Call log:
      - navigating to "http://127.0.0.1:3100/pdf/merge", waiting until "load"


       8 |     const errors: string[] = [];
       9 |     page.on("pageerror", (e) => errors.push(e.message));
    > 10 |     await page.goto("/pdf/merge");
         |                ^
      11 |     await page.locator('input[type="file"]').setInputFiles([
      12 |       path.join(FIXTURES, "fake-extension.pdf"),
      13 |       path.join(FIXTURES, "sample-a.pdf"),
        at C:\Users\ravit\Desktop\my projects\thefileconvert\e2e\security-edge-cases.spec.ts:10:16

    Error Context: test-results\security-edge-cases-Securi-ff052-ils-with-a-friendly-message-mobile-chromium\error-context.md

    attachment #2: trace (application/zip) ─────────────────────────────────────────────────────────
    test-results\security-edge-cases-Securi-ff052-ils-with-a-friendly-message-mobile-chromium\trace.zip
    Usage:

        npx playwright show-trace test-results\security-edge-cases-Securi-ff052-ils-with-a-friendly-message-mobile-chromium\trace.zip

    ────────────────────────────────────────────────────────────────────────────────────────────────


  93) [mobile-chromium] › e2e\security-edge-cases.spec.ts:20:7 › Security edge cases fail safely › a truncated/corrupted PDF fails with a friendly message 

    Error: page.goto: net::ERR_CONNECTION_REFUSED at http://127.0.0.1:3100/pdf/compress
    Call log:
      - navigating to "http://127.0.0.1:3100/pdf/compress", waiting until "load"


      21 |     const errors: string[] = [];
      22 |     page.on("pageerror", (e) => errors.push(e.message));
    > 23 |     await page.goto("/pdf/compress");
         |                ^
      24 |     await page.locator('input[type="file"]').setInputFiles(path.join(FIXTURES, "corrupted.pdf"));
      25 |     await page.getByRole("button", { name: /^Compress to under/ }).click();
      26 |     await expect(page.getByText(/couldn't read this PDF|damaged/i)).toBeVisible();
        at C:\Users\ravit\Desktop\my projects\thefileconvert\e2e\security-edge-cases.spec.ts:23:16

    Error Context: test-results\security-edge-cases-Securi-63d21-ils-with-a-friendly-message-mobile-chromium\error-context.md

    attachment #2: trace (application/zip) ─────────────────────────────────────────────────────────
    test-results\security-edge-cases-Securi-63d21-ils-with-a-friendly-message-mobile-chromium\trace.zip
    Usage:

        npx playwright show-trace test-results\security-edge-cases-Securi-63d21-ils-with-a-friendly-message-mobile-chromium\trace.zip

    ────────────────────────────────────────────────────────────────────────────────────────────────


[338/390] [mobile-chromium] › e2e\security-edge-cases.spec.ts:57:7 › Security edge cases fail safely › a zero-byte file is rejected immediately as empty
  94) [mobile-chromium] › e2e\quality-acceptance.spec.ts:203:7 › Image tools protect transparency and say what they did › resize, rotate and crop keep a PNG a PNG by default 

    Error: page.goto: net::ERR_CONNECTION_REFUSED at http://127.0.0.1:3100/image/resize
    Call log:
      - navigating to "http://127.0.0.1:3100/image/resize", waiting until "load"


      30 |
      31 | async function upload(page: Page, route: string, ...files: string[]) {
    > 32 |   await page.goto(route);
         |              ^
      33 |   await page.locator('input[type="file"]').first().setInputFiles(files.map(fixture));
      34 | }
      35 |
        at upload (C:\Users\ravit\Desktop\my projects\thefileconvert\e2e\quality-acceptance.spec.ts:32:14)
        at C:\Users\ravit\Desktop\my projects\thefileconvert\e2e\quality-acceptance.spec.ts:205:13

    Error Context: test-results\quality-acceptance-Image-t-d2ebd-keep-a-PNG-a-PNG-by-default-mobile-chromium\error-context.md

    attachment #2: trace (application/zip) ─────────────────────────────────────────────────────────
    test-results\quality-acceptance-Image-t-d2ebd-keep-a-PNG-a-PNG-by-default-mobile-chromium\trace.zip
    Usage:

        npx playwright show-trace test-results\quality-acceptance-Image-t-d2ebd-keep-a-PNG-a-PNG-by-default-mobile-chromium\trace.zip

    ────────────────────────────────────────────────────────────────────────────────────────────────


[339/390] [mobile-chromium] › e2e\security-edge-cases.spec.ts:30:7 › Security edge cases fail safely › a malformed ZIP fails with a friendly message
  95) [mobile-chromium] › e2e\security-edge-cases.spec.ts:57:7 › Security edge cases fail safely › a zero-byte file is rejected immediately as empty 

    Error: page.goto: net::ERR_CONNECTION_REFUSED at http://127.0.0.1:3100/pdf/merge
    Call log:
      - navigating to "http://127.0.0.1:3100/pdf/merge", waiting until "load"


      56 |
      57 |   test("a zero-byte file is rejected immediately as empty", async ({ page }) => {
    > 58 |     await page.goto("/pdf/merge");
         |                ^
      59 |     await page.locator('input[type="file"]').setInputFiles(path.join(FIXTURES, "zero-byte.pdf"));
      60 |     await expect(page.getByText(/empty/i)).toBeVisible();
      61 |   });
        at C:\Users\ravit\Desktop\my projects\thefileconvert\e2e\security-edge-cases.spec.ts:58:16

    Error Context: test-results\security-edge-cases-Securi-8d11b-jected-immediately-as-empty-mobile-chromium\error-context.md

    attachment #2: trace (application/zip) ─────────────────────────────────────────────────────────
    test-results\security-edge-cases-Securi-8d11b-jected-immediately-as-empty-mobile-chromium\trace.zip
    Usage:

        npx playwright show-trace test-results\security-edge-cases-Securi-8d11b-jected-immediately-as-empty-mobile-chromium\trace.zip

    ────────────────────────────────────────────────────────────────────────────────────────────────


[340/390] [mobile-chromium] › e2e\security-edge-cases.spec.ts:39:7 › Security edge cases fail safely › an SVG with a script and event handlers never executes
[341/390] [mobile-chromium] › e2e\security-edge-cases.spec.ts:63:7 › Security edge cases fail safely › uploading an unsupported file type shows a friendly error, not a crash
  96) [mobile-chromium] › e2e\security-edge-cases.spec.ts:30:7 › Security edge cases fail safely › a malformed ZIP fails with a friendly message 

    Error: page.goto: net::ERR_CONNECTION_REFUSED at http://127.0.0.1:3100/archive/unzip
    Call log:
      - navigating to "http://127.0.0.1:3100/archive/unzip", waiting until "load"


      31 |     const errors: string[] = [];
      32 |     page.on("pageerror", (e) => errors.push(e.message));
    > 33 |     await page.goto("/archive/unzip");
         |                ^
      34 |     await page.locator('input[type="file"]').setInputFiles(path.join(FIXTURES, "malformed.zip"));
      35 |     await expect(page.getByText(/couldn't read this archive|damaged|not a ZIP/i)).toBeVisible();
      36 |     expect(errors).toEqual([]);
        at C:\Users\ravit\Desktop\my projects\thefileconvert\e2e\security-edge-cases.spec.ts:33:16

    Error Context: test-results\security-edge-cases-Securi-81f03-ils-with-a-friendly-message-mobile-chromium\error-context.md

    attachment #2: trace (application/zip) ─────────────────────────────────────────────────────────
    test-results\security-edge-cases-Securi-81f03-ils-with-a-friendly-message-mobile-chromium\trace.zip
    Usage:

        npx playwright show-trace test-results\security-edge-cases-Securi-81f03-ils-with-a-friendly-message-mobile-chromium\trace.zip

    ────────────────────────────────────────────────────────────────────────────────────────────────


  97) [mobile-chromium] › e2e\security-edge-cases.spec.ts:39:7 › Security edge cases fail safely › an SVG with a script and event handlers never executes 

    Error: page.goto: net::ERR_CONNECTION_REFUSED at http://127.0.0.1:3100/image/svg-to-png
    Call log:
      - navigating to "http://127.0.0.1:3100/image/svg-to-png", waiting until "load"


      46 |     page.on("pageerror", (e) => errors.push(e.message));
      47 |
    > 48 |     await page.goto("/image/svg-to-png");
         |                ^
      49 |     await page.locator('input[type="file"]').setInputFiles(path.join(FIXTURES, "suspicious.svg"));
      50 |     await page.getByRole("button", { name: "Convert to PNG" }).click();
      51 |     await expect(page.getByText("Done!")).toBeVisible();
        at C:\Users\ravit\Desktop\my projects\thefileconvert\e2e\security-edge-cases.spec.ts:48:16

    Error Context: test-results\security-edge-cases-Securi-b7d23-ent-handlers-never-executes-mobile-chromium\error-context.md

    attachment #2: trace (application/zip) ─────────────────────────────────────────────────────────
    test-results\security-edge-cases-Securi-b7d23-ent-handlers-never-executes-mobile-chromium\trace.zip
    Usage:

        npx playwright show-trace test-results\security-edge-cases-Securi-b7d23-ent-handlers-never-executes-mobile-chromium\trace.zip

    ────────────────────────────────────────────────────────────────────────────────────────────────


[342/390] [mobile-chromium] › e2e\seo-metadata.spec.ts:4:7 › Per-page SEO metadata › the homepage declares the production domain as its canonical URL
  98) [mobile-chromium] › e2e\security-edge-cases.spec.ts:63:7 › Security edge cases fail safely › uploading an unsupported file type shows a friendly error, not a crash 

    Error: page.goto: net::ERR_CONNECTION_REFUSED at http://127.0.0.1:3100/pdf/merge
    Call log:
      - navigating to "http://127.0.0.1:3100/pdf/merge", waiting until "load"


      64 |     const errors: string[] = [];
      65 |     page.on("pageerror", (e) => errors.push(e.message));
    > 66 |     await page.goto("/pdf/merge");
         |                ^
      67 |     await page.locator('input[type="file"]').setInputFiles(path.join(FIXTURES, "sample.csv"));
      68 |     await expect(page.getByText(/isn't supported/i)).toBeVisible();
      69 |     expect(errors).toEqual([]);
        at C:\Users\ravit\Desktop\my projects\thefileconvert\e2e\security-edge-cases.spec.ts:66:16

    Error Context: test-results\security-edge-cases-Securi-08279--friendly-error-not-a-crash-mobile-chromium\error-context.md

    attachment #2: trace (application/zip) ─────────────────────────────────────────────────────────
    test-results\security-edge-cases-Securi-08279--friendly-error-not-a-crash-mobile-chromium\trace.zip
    Usage:

        npx playwright show-trace test-results\security-edge-cases-Securi-08279--friendly-error-not-a-crash-mobile-chromium\trace.zip

    ────────────────────────────────────────────────────────────────────────────────────────────────


[343/390] [mobile-chromium] › e2e\seo-metadata.spec.ts:9:7 › Per-page SEO metadata › a tool page has its own OpenGraph/Twitter title, not the homepage's
  99) [mobile-chromium] › e2e\seo-metadata.spec.ts:4:7 › Per-page SEO metadata › the homepage declares the production domain as its canonical URL 

    Error: page.goto: net::ERR_CONNECTION_REFUSED at http://127.0.0.1:3100/
    Call log:
      - navigating to "http://127.0.0.1:3100/", waiting until "load"


      3 | test.describe("Per-page SEO metadata", () => {
      4 |   test("the homepage declares the production domain as its canonical URL", async ({ page }) => {
    > 5 |     await page.goto("/");
        |                ^
      6 |     await expect(page.locator('link[rel="canonical"]')).toHaveAttribute("href", "https://thefileconvert.com");
      7 |   });
      8 |
        at C:\Users\ravit\Desktop\my projects\thefileconvert\e2e\seo-metadata.spec.ts:5:16

    Error Context: test-results\seo-metadata-Per-page-SEO--63fd1-domain-as-its-canonical-URL-mobile-chromium\error-context.md

    attachment #2: trace (application/zip) ─────────────────────────────────────────────────────────
    test-results\seo-metadata-Per-page-SEO--63fd1-domain-as-its-canonical-URL-mobile-chromium\trace.zip
    Usage:

        npx playwright show-trace test-results\seo-metadata-Per-page-SEO--63fd1-domain-as-its-canonical-URL-mobile-chromium\trace.zip

    ────────────────────────────────────────────────────────────────────────────────────────────────


[344/390] [mobile-chromium] › e2e\seo-metadata.spec.ts:23:7 › Per-page SEO metadata › two different tool pages have distinct titles and descriptions
  100) [mobile-chromium] › e2e\seo-metadata.spec.ts:9:7 › Per-page SEO metadata › a tool page has its own OpenGraph/Twitter title, not the homepage's 

    Error: page.goto: net::ERR_CONNECTION_REFUSED at http://127.0.0.1:3100/pdf/merge
    Call log:
      - navigating to "http://127.0.0.1:3100/pdf/merge", waiting until "load"


       8 |
       9 |   test("a tool page has its own OpenGraph/Twitter title, not the homepage's", async ({ page }) => {
    > 10 |     await page.goto("/pdf/merge");
         |                ^
      11 |     const ogTitle = await page.locator('meta[property="og:title"]').getAttribute("content");
      12 |     const ogUrl = await page.locator('meta[property="og:url"]').getAttribute("content");
      13 |     const twitterTitle = await page.locator('meta[name="twitter:title"]').getAttribute("content");
        at C:\Users\ravit\Desktop\my projects\thefileconvert\e2e\seo-metadata.spec.ts:10:16

    Error Context: test-results\seo-metadata-Per-page-SEO--1be4e-er-title-not-the-homepage-s-mobile-chromium\error-context.md

    attachment #2: trace (application/zip) ─────────────────────────────────────────────────────────
    test-results\seo-metadata-Per-page-SEO--1be4e-er-title-not-the-homepage-s-mobile-chromium\trace.zip
    Usage:

        npx playwright show-trace test-results\seo-metadata-Per-page-SEO--1be4e-er-title-not-the-homepage-s-mobile-chromium\trace.zip

    ────────────────────────────────────────────────────────────────────────────────────────────────


[345/390] [mobile-chromium] › e2e\seo-metadata.spec.ts:36:7 › Per-page SEO metadata › sitemap and robots reference the production domain
  101) [mobile-chromium] › e2e\seo-metadata.spec.ts:23:7 › Per-page SEO metadata › two different tool pages have distinct titles and descriptions 

    Error: page.goto: net::ERR_CONNECTION_REFUSED at http://127.0.0.1:3100/pdf/merge
    Call log:
      - navigating to "http://127.0.0.1:3100/pdf/merge", waiting until "load"


      22 |
      23 |   test("two different tool pages have distinct titles and descriptions", async ({ page }) => {
    > 24 |     await page.goto("/pdf/merge");
         |                ^
      25 |     const titleA = await page.title();
      26 |     const descA = await page.locator('meta[name="description"]').getAttribute("content");
      27 |
        at C:\Users\ravit\Desktop\my projects\thefileconvert\e2e\seo-metadata.spec.ts:24:16

    Error Context: test-results\seo-metadata-Per-page-SEO--54121-nct-titles-and-descriptions-mobile-chromium\error-context.md

    attachment #2: trace (application/zip) ─────────────────────────────────────────────────────────
    test-results\seo-metadata-Per-page-SEO--54121-nct-titles-and-descriptions-mobile-chromium\trace.zip
    Usage:

        npx playwright show-trace test-results\seo-metadata-Per-page-SEO--54121-nct-titles-and-descriptions-mobile-chromium\trace.zip

    ────────────────────────────────────────────────────────────────────────────────────────────────


[346/390] [mobile-chromium] › e2e\smoke.spec.ts:6:9 › Smoke: every live tool page renders without errors › /pdf/editor renders
[347/390] [mobile-chromium] › e2e\smoke.spec.ts:6:9 › Smoke: every live tool page renders without errors › /pdf/merge renders
  102) [mobile-chromium] › e2e\seo-metadata.spec.ts:36:7 › Per-page SEO metadata › sitemap and robots reference the production domain 

    Error: page.goto: net::ERR_CONNECTION_REFUSED at http://127.0.0.1:3100/robots.txt
    Call log:
      - navigating to "http://127.0.0.1:3100/robots.txt", waiting until "load"


      35 |
      36 |   test("sitemap and robots reference the production domain", async ({ page }) => {
    > 37 |     const robots = await page.goto("/robots.txt");
         |                               ^
      38 |     const robotsText = await robots?.text();
      39 |     expect(robotsText).toContain("https://thefileconvert.com/sitemap.xml");
      40 |
        at C:\Users\ravit\Desktop\my projects\thefileconvert\e2e\seo-metadata.spec.ts:37:31

    Error Context: test-results\seo-metadata-Per-page-SEO--b53f3-rence-the-production-domain-mobile-chromium\error-context.md

    attachment #2: trace (application/zip) ─────────────────────────────────────────────────────────
    test-results\seo-metadata-Per-page-SEO--b53f3-rence-the-production-domain-mobile-chromium\trace.zip
    Usage:

        npx playwright show-trace test-results\seo-metadata-Per-page-SEO--b53f3-rence-the-production-domain-mobile-chromium\trace.zip

    ────────────────────────────────────────────────────────────────────────────────────────────────


[348/390] [mobile-chromium] › e2e\smoke.spec.ts:6:9 › Smoke: every live tool page renders without errors › /pdf/split renders
[349/390] [mobile-chromium] › e2e\smoke.spec.ts:6:9 › Smoke: every live tool page renders without errors › /pdf/extract-pages renders
  103) [mobile-chromium] › e2e\smoke.spec.ts:6:9 › Smoke: every live tool page renders without errors › /pdf/editor renders 

    Error: page.goto: net::ERR_CONNECTION_REFUSED at http://127.0.0.1:3100/pdf/editor
    Call log:
      - navigating to "http://127.0.0.1:3100/pdf/editor", waiting until "load"


       8 |       page.on("pageerror", (err) => errors.push(err.message));
       9 |
    > 10 |       await page.goto(tool.href);
         |                  ^
      11 |       await expect(page.getByRole("heading", { level: 1 })).toContainText(tool.name);
      12 |
      13 |       expect(errors, `Runtime errors on ${tool.href}: ${errors.join("; ")}`).toEqual([]);
        at C:\Users\ravit\Desktop\my projects\thefileconvert\e2e\smoke.spec.ts:10:18

    Error Context: test-results\smoke-Smoke-every-live-too-791c1-t-errors-pdf-editor-renders-mobile-chromium\error-context.md

    attachment #2: trace (application/zip) ─────────────────────────────────────────────────────────
    test-results\smoke-Smoke-every-live-too-791c1-t-errors-pdf-editor-renders-mobile-chromium\trace.zip
    Usage:

        npx playwright show-trace test-results\smoke-Smoke-every-live-too-791c1-t-errors-pdf-editor-renders-mobile-chromium\trace.zip

    ────────────────────────────────────────────────────────────────────────────────────────────────


  104) [mobile-chromium] › e2e\smoke.spec.ts:6:9 › Smoke: every live tool page renders without errors › /pdf/merge renders 

    Error: page.goto: net::ERR_CONNECTION_REFUSED at http://127.0.0.1:3100/pdf/merge
    Call log:
      - navigating to "http://127.0.0.1:3100/pdf/merge", waiting until "load"


       8 |       page.on("pageerror", (err) => errors.push(err.message));
       9 |
    > 10 |       await page.goto(tool.href);
         |                  ^
      11 |       await expect(page.getByRole("heading", { level: 1 })).toContainText(tool.name);
      12 |
      13 |       expect(errors, `Runtime errors on ${tool.href}: ${errors.join("; ")}`).toEqual([]);
        at C:\Users\ravit\Desktop\my projects\thefileconvert\e2e\smoke.spec.ts:10:18

    Error Context: test-results\smoke-Smoke-every-live-too-8e9e3-ut-errors-pdf-merge-renders-mobile-chromium\error-context.md

    attachment #2: trace (application/zip) ─────────────────────────────────────────────────────────
    test-results\smoke-Smoke-every-live-too-8e9e3-ut-errors-pdf-merge-renders-mobile-chromium\trace.zip
    Usage:

        npx playwright show-trace test-results\smoke-Smoke-every-live-too-8e9e3-ut-errors-pdf-merge-renders-mobile-chromium\trace.zip

    ────────────────────────────────────────────────────────────────────────────────────────────────


  105) [mobile-chromium] › e2e\smoke.spec.ts:6:9 › Smoke: every live tool page renders without errors › /pdf/split renders 

    Error: page.goto: net::ERR_CONNECTION_REFUSED at http://127.0.0.1:3100/pdf/split
    Call log:
      - navigating to "http://127.0.0.1:3100/pdf/split", waiting until "load"


       8 |       page.on("pageerror", (err) => errors.push(err.message));
       9 |
    > 10 |       await page.goto(tool.href);
         |                  ^
      11 |       await expect(page.getByRole("heading", { level: 1 })).toContainText(tool.name);
      12 |
      13 |       expect(errors, `Runtime errors on ${tool.href}: ${errors.join("; ")}`).toEqual([]);
        at C:\Users\ravit\Desktop\my projects\thefileconvert\e2e\smoke.spec.ts:10:18

    Error Context: test-results\smoke-Smoke-every-live-too-99796-ut-errors-pdf-split-renders-mobile-chromium\error-context.md

    attachment #2: trace (application/zip) ─────────────────────────────────────────────────────────
    test-results\smoke-Smoke-every-live-too-99796-ut-errors-pdf-split-renders-mobile-chromium\trace.zip
    Usage:

        npx playwright show-trace test-results\smoke-Smoke-every-live-too-99796-ut-errors-pdf-split-renders-mobile-chromium\trace.zip

    ────────────────────────────────────────────────────────────────────────────────────────────────


  106) [mobile-chromium] › e2e\smoke.spec.ts:6:9 › Smoke: every live tool page renders without errors › /pdf/extract-pages renders 

    Error: page.goto: net::ERR_CONNECTION_REFUSED at http://127.0.0.1:3100/pdf/extract-pages
    Call log:
      - navigating to "http://127.0.0.1:3100/pdf/extract-pages", waiting until "load"


       8 |       page.on("pageerror", (err) => errors.push(err.message));
       9 |
    > 10 |       await page.goto(tool.href);
         |                  ^
      11 |       await expect(page.getByRole("heading", { level: 1 })).toContainText(tool.name);
      12 |
      13 |       expect(errors, `Runtime errors on ${tool.href}: ${errors.join("; ")}`).toEqual([]);
        at C:\Users\ravit\Desktop\my projects\thefileconvert\e2e\smoke.spec.ts:10:18

    Error Context: test-results\smoke-Smoke-every-live-too-e82c1-s-pdf-extract-pages-renders-mobile-chromium\error-context.md

    attachment #2: trace (application/zip) ─────────────────────────────────────────────────────────
    test-results\smoke-Smoke-every-live-too-e82c1-s-pdf-extract-pages-renders-mobile-chromium\trace.zip
    Usage:

        npx playwright show-trace test-results\smoke-Smoke-every-live-too-e82c1-s-pdf-extract-pages-renders-mobile-chromium\trace.zip

    ────────────────────────────────────────────────────────────────────────────────────────────────


[350/390] [mobile-chromium] › e2e\smoke.spec.ts:6:9 › Smoke: every live tool page renders without errors › /pdf/delete-pages renders
[351/390] [mobile-chromium] › e2e\smoke.spec.ts:6:9 › Smoke: every live tool page renders without errors › /pdf/rotate renders
[352/390] [mobile-chromium] › e2e\smoke.spec.ts:6:9 › Smoke: every live tool page renders without errors › /pdf/reorder renders
[353/390] [mobile-chromium] › e2e\smoke.spec.ts:6:9 › Smoke: every live tool page renders without errors › /pdf/images-to-pdf renders
  107) [mobile-chromium] › e2e\smoke.spec.ts:6:9 › Smoke: every live tool page renders without errors › /pdf/delete-pages renders 

    Error: page.goto: net::ERR_CONNECTION_REFUSED at http://127.0.0.1:3100/pdf/delete-pages
    Call log:
      - navigating to "http://127.0.0.1:3100/pdf/delete-pages", waiting until "load"


       8 |       page.on("pageerror", (err) => errors.push(err.message));
       9 |
    > 10 |       await page.goto(tool.href);
         |                  ^
      11 |       await expect(page.getByRole("heading", { level: 1 })).toContainText(tool.name);
      12 |
      13 |       expect(errors, `Runtime errors on ${tool.href}: ${errors.join("; ")}`).toEqual([]);
        at C:\Users\ravit\Desktop\my projects\thefileconvert\e2e\smoke.spec.ts:10:18

    Error Context: test-results\smoke-Smoke-every-live-too-106ec-rs-pdf-delete-pages-renders-mobile-chromium\error-context.md

    attachment #2: trace (application/zip) ─────────────────────────────────────────────────────────
    test-results\smoke-Smoke-every-live-too-106ec-rs-pdf-delete-pages-renders-mobile-chromium\trace.zip
    Usage:

        npx playwright show-trace test-results\smoke-Smoke-every-live-too-106ec-rs-pdf-delete-pages-renders-mobile-chromium\trace.zip

    ────────────────────────────────────────────────────────────────────────────────────────────────


  108) [mobile-chromium] › e2e\smoke.spec.ts:6:9 › Smoke: every live tool page renders without errors › /pdf/reorder renders 

    Error: page.goto: net::ERR_CONNECTION_REFUSED at http://127.0.0.1:3100/pdf/reorder
    Call log:
      - navigating to "http://127.0.0.1:3100/pdf/reorder", waiting until "load"


       8 |       page.on("pageerror", (err) => errors.push(err.message));
       9 |
    > 10 |       await page.goto(tool.href);
         |                  ^
      11 |       await expect(page.getByRole("heading", { level: 1 })).toContainText(tool.name);
      12 |
      13 |       expect(errors, `Runtime errors on ${tool.href}: ${errors.join("; ")}`).toEqual([]);
        at C:\Users\ravit\Desktop\my projects\thefileconvert\e2e\smoke.spec.ts:10:18

    Error Context: test-results\smoke-Smoke-every-live-too-cd58e--errors-pdf-reorder-renders-mobile-chromium\error-context.md

    attachment #2: trace (application/zip) ─────────────────────────────────────────────────────────
    test-results\smoke-Smoke-every-live-too-cd58e--errors-pdf-reorder-renders-mobile-chromium\trace.zip
    Usage:

        npx playwright show-trace test-results\smoke-Smoke-every-live-too-cd58e--errors-pdf-reorder-renders-mobile-chromium\trace.zip

    ────────────────────────────────────────────────────────────────────────────────────────────────


  109) [mobile-chromium] › e2e\smoke.spec.ts:6:9 › Smoke: every live tool page renders without errors › /pdf/rotate renders 

    Error: page.goto: net::ERR_CONNECTION_REFUSED at http://127.0.0.1:3100/pdf/rotate
    Call log:
      - navigating to "http://127.0.0.1:3100/pdf/rotate", waiting until "load"


       8 |       page.on("pageerror", (err) => errors.push(err.message));
       9 |
    > 10 |       await page.goto(tool.href);
         |                  ^
      11 |       await expect(page.getByRole("heading", { level: 1 })).toContainText(tool.name);
      12 |
      13 |       expect(errors, `Runtime errors on ${tool.href}: ${errors.join("; ")}`).toEqual([]);
        at C:\Users\ravit\Desktop\my projects\thefileconvert\e2e\smoke.spec.ts:10:18

    Error Context: test-results\smoke-Smoke-every-live-too-f9329-t-errors-pdf-rotate-renders-mobile-chromium\error-context.md

    attachment #2: trace (application/zip) ─────────────────────────────────────────────────────────
    test-results\smoke-Smoke-every-live-too-f9329-t-errors-pdf-rotate-renders-mobile-chromium\trace.zip
    Usage:

        npx playwright show-trace test-results\smoke-Smoke-every-live-too-f9329-t-errors-pdf-rotate-renders-mobile-chromium\trace.zip

    ────────────────────────────────────────────────────────────────────────────────────────────────


  110) [mobile-chromium] › e2e\smoke.spec.ts:6:9 › Smoke: every live tool page renders without errors › /pdf/images-to-pdf renders 

    Error: page.goto: net::ERR_CONNECTION_REFUSED at http://127.0.0.1:3100/pdf/images-to-pdf
    Call log:
      - navigating to "http://127.0.0.1:3100/pdf/images-to-pdf", waiting until "load"


       8 |       page.on("pageerror", (err) => errors.push(err.message));
       9 |
    > 10 |       await page.goto(tool.href);
         |                  ^
      11 |       await expect(page.getByRole("heading", { level: 1 })).toContainText(tool.name);
      12 |
      13 |       expect(errors, `Runtime errors on ${tool.href}: ${errors.join("; ")}`).toEqual([]);
        at C:\Users\ravit\Desktop\my projects\thefileconvert\e2e\smoke.spec.ts:10:18

    Error Context: test-results\smoke-Smoke-every-live-too-04eca-s-pdf-images-to-pdf-renders-mobile-chromium\error-context.md

    attachment #2: trace (application/zip) ─────────────────────────────────────────────────────────
    test-results\smoke-Smoke-every-live-too-04eca-s-pdf-images-to-pdf-renders-mobile-chromium\trace.zip
    Usage:

        npx playwright show-trace test-results\smoke-Smoke-every-live-too-04eca-s-pdf-images-to-pdf-renders-mobile-chromium\trace.zip

    ────────────────────────────────────────────────────────────────────────────────────────────────


[354/390] [mobile-chromium] › e2e\smoke.spec.ts:6:9 › Smoke: every live tool page renders without errors › /pdf/to-images renders
[355/390] [mobile-chromium] › e2e\smoke.spec.ts:6:9 › Smoke: every live tool page renders without errors › /pdf/page-numbers renders
[356/390] [mobile-chromium] › e2e\smoke.spec.ts:6:9 › Smoke: every live tool page renders without errors › /pdf/watermark renders
[357/390] [mobile-chromium] › e2e\smoke.spec.ts:6:9 › Smoke: every live tool page renders without errors › /pdf/metadata renders
  111) [mobile-chromium] › e2e\smoke.spec.ts:6:9 › Smoke: every live tool page renders without errors › /pdf/watermark renders 

    Error: page.goto: net::ERR_CONNECTION_REFUSED at http://127.0.0.1:3100/pdf/watermark
    Call log:
      - navigating to "http://127.0.0.1:3100/pdf/watermark", waiting until "load"


       8 |       page.on("pageerror", (err) => errors.push(err.message));
       9 |
    > 10 |       await page.goto(tool.href);
         |                  ^
      11 |       await expect(page.getByRole("heading", { level: 1 })).toContainText(tool.name);
      12 |
      13 |       expect(errors, `Runtime errors on ${tool.href}: ${errors.join("; ")}`).toEqual([]);
        at C:\Users\ravit\Desktop\my projects\thefileconvert\e2e\smoke.spec.ts:10:18

    Error Context: test-results\smoke-Smoke-every-live-too-969ff-rrors-pdf-watermark-renders-mobile-chromium\error-context.md

    attachment #2: trace (application/zip) ─────────────────────────────────────────────────────────
    test-results\smoke-Smoke-every-live-too-969ff-rrors-pdf-watermark-renders-mobile-chromium\trace.zip
    Usage:

        npx playwright show-trace test-results\smoke-Smoke-every-live-too-969ff-rrors-pdf-watermark-renders-mobile-chromium\trace.zip

    ────────────────────────────────────────────────────────────────────────────────────────────────


  112) [mobile-chromium] › e2e\smoke.spec.ts:6:9 › Smoke: every live tool page renders without errors › /pdf/to-images renders 

    Error: page.goto: net::ERR_CONNECTION_REFUSED at http://127.0.0.1:3100/pdf/to-images
    Call log:
      - navigating to "http://127.0.0.1:3100/pdf/to-images", waiting until "load"


       8 |       page.on("pageerror", (err) => errors.push(err.message));
       9 |
    > 10 |       await page.goto(tool.href);
         |                  ^
      11 |       await expect(page.getByRole("heading", { level: 1 })).toContainText(tool.name);
      12 |
      13 |       expect(errors, `Runtime errors on ${tool.href}: ${errors.join("; ")}`).toEqual([]);
        at C:\Users\ravit\Desktop\my projects\thefileconvert\e2e\smoke.spec.ts:10:18

    Error Context: test-results\smoke-Smoke-every-live-too-95515-rrors-pdf-to-images-renders-mobile-chromium\error-context.md

    attachment #2: trace (application/zip) ─────────────────────────────────────────────────────────
    test-results\smoke-Smoke-every-live-too-95515-rrors-pdf-to-images-renders-mobile-chromium\trace.zip
    Usage:

        npx playwright show-trace test-results\smoke-Smoke-every-live-too-95515-rrors-pdf-to-images-renders-mobile-chromium\trace.zip

    ────────────────────────────────────────────────────────────────────────────────────────────────


  113) [mobile-chromium] › e2e\smoke.spec.ts:6:9 › Smoke: every live tool page renders without errors › /pdf/page-numbers renders 

    Error: page.goto: net::ERR_CONNECTION_REFUSED at http://127.0.0.1:3100/pdf/page-numbers
    Call log:
      - navigating to "http://127.0.0.1:3100/pdf/page-numbers", waiting until "load"


       8 |       page.on("pageerror", (err) => errors.push(err.message));
       9 |
    > 10 |       await page.goto(tool.href);
         |                  ^
      11 |       await expect(page.getByRole("heading", { level: 1 })).toContainText(tool.name);
      12 |
      13 |       expect(errors, `Runtime errors on ${tool.href}: ${errors.join("; ")}`).toEqual([]);
        at C:\Users\ravit\Desktop\my projects\thefileconvert\e2e\smoke.spec.ts:10:18

    Error Context: test-results\smoke-Smoke-every-live-too-46448-rs-pdf-page-numbers-renders-mobile-chromium\error-context.md

    attachment #2: trace (application/zip) ─────────────────────────────────────────────────────────
    test-results\smoke-Smoke-every-live-too-46448-rs-pdf-page-numbers-renders-mobile-chromium\trace.zip
    Usage:

        npx playwright show-trace test-results\smoke-Smoke-every-live-too-46448-rs-pdf-page-numbers-renders-mobile-chromium\trace.zip

    ────────────────────────────────────────────────────────────────────────────────────────────────


  114) [mobile-chromium] › e2e\smoke.spec.ts:6:9 › Smoke: every live tool page renders without errors › /pdf/metadata renders 

    Error: page.goto: net::ERR_CONNECTION_REFUSED at http://127.0.0.1:3100/pdf/metadata
    Call log:
      - navigating to "http://127.0.0.1:3100/pdf/metadata", waiting until "load"


       8 |       page.on("pageerror", (err) => errors.push(err.message));
       9 |
    > 10 |       await page.goto(tool.href);
         |                  ^
      11 |       await expect(page.getByRole("heading", { level: 1 })).toContainText(tool.name);
      12 |
      13 |       expect(errors, `Runtime errors on ${tool.href}: ${errors.join("; ")}`).toEqual([]);
        at C:\Users\ravit\Desktop\my projects\thefileconvert\e2e\smoke.spec.ts:10:18

    Error Context: test-results\smoke-Smoke-every-live-too-f9258-errors-pdf-metadata-renders-mobile-chromium\error-context.md

    attachment #2: trace (application/zip) ─────────────────────────────────────────────────────────
    test-results\smoke-Smoke-every-live-too-f9258-errors-pdf-metadata-renders-mobile-chromium\trace.zip
    Usage:

        npx playwright show-trace test-results\smoke-Smoke-every-live-too-f9258-errors-pdf-metadata-renders-mobile-chromium\trace.zip

    ────────────────────────────────────────────────────────────────────────────────────────────────


[358/390] [mobile-chromium] › e2e\smoke.spec.ts:6:9 › Smoke: every live tool page renders without errors › /pdf/compress renders
[359/390] [mobile-chromium] › e2e\smoke.spec.ts:6:9 › Smoke: every live tool page renders without errors › /pdf/ocr renders
[360/390] [mobile-chromium] › e2e\smoke.spec.ts:6:9 › Smoke: every live tool page renders without errors › /image/compress renders
[361/390] [mobile-chromium] › e2e\smoke.spec.ts:6:9 › Smoke: every live tool page renders without errors › /image/resize renders
  115) [mobile-chromium] › e2e\smoke.spec.ts:6:9 › Smoke: every live tool page renders without errors › /pdf/compress renders 

    Error: page.goto: net::ERR_CONNECTION_REFUSED at http://127.0.0.1:3100/pdf/compress
    Call log:
      - navigating to "http://127.0.0.1:3100/pdf/compress", waiting until "load"


       8 |       page.on("pageerror", (err) => errors.push(err.message));
       9 |
    > 10 |       await page.goto(tool.href);
         |                  ^
      11 |       await expect(page.getByRole("heading", { level: 1 })).toContainText(tool.name);
      12 |
      13 |       expect(errors, `Runtime errors on ${tool.href}: ${errors.join("; ")}`).toEqual([]);
        at C:\Users\ravit\Desktop\my projects\thefileconvert\e2e\smoke.spec.ts:10:18

    Error Context: test-results\smoke-Smoke-every-live-too-c5a5b-errors-pdf-compress-renders-mobile-chromium\error-context.md

    attachment #2: trace (application/zip) ─────────────────────────────────────────────────────────
    test-results\smoke-Smoke-every-live-too-c5a5b-errors-pdf-compress-renders-mobile-chromium\trace.zip
    Usage:

        npx playwright show-trace test-results\smoke-Smoke-every-live-too-c5a5b-errors-pdf-compress-renders-mobile-chromium\trace.zip

    ────────────────────────────────────────────────────────────────────────────────────────────────


  116) [mobile-chromium] › e2e\smoke.spec.ts:6:9 › Smoke: every live tool page renders without errors › /pdf/ocr renders 

    Error: page.goto: net::ERR_CONNECTION_REFUSED at http://127.0.0.1:3100/pdf/ocr
    Call log:
      - navigating to "http://127.0.0.1:3100/pdf/ocr", waiting until "load"


       8 |       page.on("pageerror", (err) => errors.push(err.message));
       9 |
    > 10 |       await page.goto(tool.href);
         |                  ^
      11 |       await expect(page.getByRole("heading", { level: 1 })).toContainText(tool.name);
      12 |
      13 |       expect(errors, `Runtime errors on ${tool.href}: ${errors.join("; ")}`).toEqual([]);
        at C:\Users\ravit\Desktop\my projects\thefileconvert\e2e\smoke.spec.ts:10:18

    Error Context: test-results\smoke-Smoke-every-live-too-dd009-hout-errors-pdf-ocr-renders-mobile-chromium\error-context.md

    attachment #2: trace (application/zip) ─────────────────────────────────────────────────────────
    test-results\smoke-Smoke-every-live-too-dd009-hout-errors-pdf-ocr-renders-mobile-chromium\trace.zip
    Usage:

        npx playwright show-trace test-results\smoke-Smoke-every-live-too-dd009-hout-errors-pdf-ocr-renders-mobile-chromium\trace.zip

    ────────────────────────────────────────────────────────────────────────────────────────────────


  117) [mobile-chromium] › e2e\smoke.spec.ts:6:9 › Smoke: every live tool page renders without errors › /image/compress renders 

    Error: page.goto: net::ERR_CONNECTION_REFUSED at http://127.0.0.1:3100/image/compress
    Call log:
      - navigating to "http://127.0.0.1:3100/image/compress", waiting until "load"


       8 |       page.on("pageerror", (err) => errors.push(err.message));
       9 |
    > 10 |       await page.goto(tool.href);
         |                  ^
      11 |       await expect(page.getByRole("heading", { level: 1 })).toContainText(tool.name);
      12 |
      13 |       expect(errors, `Runtime errors on ${tool.href}: ${errors.join("; ")}`).toEqual([]);
        at C:\Users\ravit\Desktop\my projects\thefileconvert\e2e\smoke.spec.ts:10:18

    Error Context: test-results\smoke-Smoke-every-live-too-89cb7-rors-image-compress-renders-mobile-chromium\error-context.md

    attachment #2: trace (application/zip) ─────────────────────────────────────────────────────────
    test-results\smoke-Smoke-every-live-too-89cb7-rors-image-compress-renders-mobile-chromium\trace.zip
    Usage:

        npx playwright show-trace test-results\smoke-Smoke-every-live-too-89cb7-rors-image-compress-renders-mobile-chromium\trace.zip

    ────────────────────────────────────────────────────────────────────────────────────────────────


  118) [mobile-chromium] › e2e\smoke.spec.ts:6:9 › Smoke: every live tool page renders without errors › /image/resize renders 

    Error: page.goto: net::ERR_CONNECTION_REFUSED at http://127.0.0.1:3100/image/resize
    Call log:
      - navigating to "http://127.0.0.1:3100/image/resize", waiting until "load"


       8 |       page.on("pageerror", (err) => errors.push(err.message));
       9 |
    > 10 |       await page.goto(tool.href);
         |                  ^
      11 |       await expect(page.getByRole("heading", { level: 1 })).toContainText(tool.name);
      12 |
      13 |       expect(errors, `Runtime errors on ${tool.href}: ${errors.join("; ")}`).toEqual([]);
        at C:\Users\ravit\Desktop\my projects\thefileconvert\e2e\smoke.spec.ts:10:18

    Error Context: test-results\smoke-Smoke-every-live-too-2aeec-errors-image-resize-renders-mobile-chromium\error-context.md

    attachment #2: trace (application/zip) ─────────────────────────────────────────────────────────
    test-results\smoke-Smoke-every-live-too-2aeec-errors-image-resize-renders-mobile-chromium\trace.zip
    Usage:

        npx playwright show-trace test-results\smoke-Smoke-every-live-too-2aeec-errors-image-resize-renders-mobile-chromium\trace.zip

    ────────────────────────────────────────────────────────────────────────────────────────────────


[362/390] [mobile-chromium] › e2e\smoke.spec.ts:6:9 › Smoke: every live tool page renders without errors › /image/rotate renders
[363/390] [mobile-chromium] › e2e\smoke.spec.ts:6:9 › Smoke: every live tool page renders without errors › /image/crop renders
[364/390] [mobile-chromium] › e2e\smoke.spec.ts:6:9 › Smoke: every live tool page renders without errors › /image/remove-metadata renders
[365/390] [mobile-chromium] › e2e\smoke.spec.ts:6:9 › Smoke: every live tool page renders without errors › /image/svg-to-png renders
  119) [mobile-chromium] › e2e\smoke.spec.ts:6:9 › Smoke: every live tool page renders without errors › /image/rotate renders 

    Error: page.goto: net::ERR_CONNECTION_REFUSED at http://127.0.0.1:3100/image/rotate
    Call log:
      - navigating to "http://127.0.0.1:3100/image/rotate", waiting until "load"


       8 |       page.on("pageerror", (err) => errors.push(err.message));
       9 |
    > 10 |       await page.goto(tool.href);
         |                  ^
      11 |       await expect(page.getByRole("heading", { level: 1 })).toContainText(tool.name);
      12 |
      13 |       expect(errors, `Runtime errors on ${tool.href}: ${errors.join("; ")}`).toEqual([]);
        at C:\Users\ravit\Desktop\my projects\thefileconvert\e2e\smoke.spec.ts:10:18

    Error Context: test-results\smoke-Smoke-every-live-too-7d0fd-errors-image-rotate-renders-mobile-chromium\error-context.md

    attachment #2: trace (application/zip) ─────────────────────────────────────────────────────────
    test-results\smoke-Smoke-every-live-too-7d0fd-errors-image-rotate-renders-mobile-chromium\trace.zip
    Usage:

        npx playwright show-trace test-results\smoke-Smoke-every-live-too-7d0fd-errors-image-rotate-renders-mobile-chromium\trace.zip

    ────────────────────────────────────────────────────────────────────────────────────────────────


  120) [mobile-chromium] › e2e\smoke.spec.ts:6:9 › Smoke: every live tool page renders without errors › /image/crop renders 

    Error: page.goto: net::ERR_CONNECTION_REFUSED at http://127.0.0.1:3100/image/crop
    Call log:
      - navigating to "http://127.0.0.1:3100/image/crop", waiting until "load"


       8 |       page.on("pageerror", (err) => errors.push(err.message));
       9 |
    > 10 |       await page.goto(tool.href);
         |                  ^
      11 |       await expect(page.getByRole("heading", { level: 1 })).toContainText(tool.name);
      12 |
      13 |       expect(errors, `Runtime errors on ${tool.href}: ${errors.join("; ")}`).toEqual([]);
        at C:\Users\ravit\Desktop\my projects\thefileconvert\e2e\smoke.spec.ts:10:18

    Error Context: test-results\smoke-Smoke-every-live-too-c5460-t-errors-image-crop-renders-mobile-chromium\error-context.md

    attachment #2: trace (application/zip) ─────────────────────────────────────────────────────────
    test-results\smoke-Smoke-every-live-too-c5460-t-errors-image-crop-renders-mobile-chromium\trace.zip
    Usage:

        npx playwright show-trace test-results\smoke-Smoke-every-live-too-c5460-t-errors-image-crop-renders-mobile-chromium\trace.zip

    ────────────────────────────────────────────────────────────────────────────────────────────────


  121) [mobile-chromium] › e2e\smoke.spec.ts:6:9 › Smoke: every live tool page renders without errors › /image/svg-to-png renders 

    Error: page.goto: net::ERR_CONNECTION_REFUSED at http://127.0.0.1:3100/image/svg-to-png
    Call log:
      - navigating to "http://127.0.0.1:3100/image/svg-to-png", waiting until "load"


       8 |       page.on("pageerror", (err) => errors.push(err.message));
       9 |
    > 10 |       await page.goto(tool.href);
         |                  ^
      11 |       await expect(page.getByRole("heading", { level: 1 })).toContainText(tool.name);
      12 |
      13 |       expect(errors, `Runtime errors on ${tool.href}: ${errors.join("; ")}`).toEqual([]);
        at C:\Users\ravit\Desktop\my projects\thefileconvert\e2e\smoke.spec.ts:10:18

    Error Context: test-results\smoke-Smoke-every-live-too-d8792-rs-image-svg-to-png-renders-mobile-chromium\error-context.md

    attachment #2: trace (application/zip) ─────────────────────────────────────────────────────────
    test-results\smoke-Smoke-every-live-too-d8792-rs-image-svg-to-png-renders-mobile-chromium\trace.zip
    Usage:

        npx playwright show-trace test-results\smoke-Smoke-every-live-too-d8792-rs-image-svg-to-png-renders-mobile-chromium\trace.zip

    ────────────────────────────────────────────────────────────────────────────────────────────────


  122) [mobile-chromium] › e2e\smoke.spec.ts:6:9 › Smoke: every live tool page renders without errors › /image/remove-metadata renders 

    Error: page.goto: net::ERR_CONNECTION_REFUSED at http://127.0.0.1:3100/image/remove-metadata
    Call log:
      - navigating to "http://127.0.0.1:3100/image/remove-metadata", waiting until "load"


       8 |       page.on("pageerror", (err) => errors.push(err.message));
       9 |
    > 10 |       await page.goto(tool.href);
         |                  ^
      11 |       await expect(page.getByRole("heading", { level: 1 })).toContainText(tool.name);
      12 |
      13 |       expect(errors, `Runtime errors on ${tool.href}: ${errors.join("; ")}`).toEqual([]);
        at C:\Users\ravit\Desktop\my projects\thefileconvert\e2e\smoke.spec.ts:10:18

    Error Context: test-results\smoke-Smoke-every-live-too-88c59-age-remove-metadata-renders-mobile-chromium\error-context.md

    attachment #2: trace (application/zip) ─────────────────────────────────────────────────────────
    test-results\smoke-Smoke-every-live-too-88c59-age-remove-metadata-renders-mobile-chromium\trace.zip
    Usage:

        npx playwright show-trace test-results\smoke-Smoke-every-live-too-88c59-age-remove-metadata-renders-mobile-chromium\trace.zip

    ────────────────────────────────────────────────────────────────────────────────────────────────


[366/390] [mobile-chromium] › e2e\smoke.spec.ts:6:9 › Smoke: every live tool page renders without errors › /convert/jpg-to-webp renders
[367/390] [mobile-chromium] › e2e\smoke.spec.ts:6:9 › Smoke: every live tool page renders without errors › /convert/jpg-to-png renders
[368/390] [mobile-chromium] › e2e\smoke.spec.ts:6:9 › Smoke: every live tool page renders without errors › /convert/png-to-jpg renders
[369/390] [mobile-chromium] › e2e\smoke.spec.ts:6:9 › Smoke: every live tool page renders without errors › /convert/webp-to-jpg renders
  123) [mobile-chromium] › e2e\smoke.spec.ts:6:9 › Smoke: every live tool page renders without errors › /convert/png-to-jpg renders 

    Error: page.goto: net::ERR_CONNECTION_REFUSED at http://127.0.0.1:3100/convert/png-to-jpg
    Call log:
      - navigating to "http://127.0.0.1:3100/convert/png-to-jpg", waiting until "load"


       8 |       page.on("pageerror", (err) => errors.push(err.message));
       9 |
    > 10 |       await page.goto(tool.href);
         |                  ^
      11 |       await expect(page.getByRole("heading", { level: 1 })).toContainText(tool.name);
      12 |
      13 |       expect(errors, `Runtime errors on ${tool.href}: ${errors.join("; ")}`).toEqual([]);
        at C:\Users\ravit\Desktop\my projects\thefileconvert\e2e\smoke.spec.ts:10:18

    Error Context: test-results\smoke-Smoke-every-live-too-1c2cf--convert-png-to-jpg-renders-mobile-chromium\error-context.md

    attachment #2: trace (application/zip) ─────────────────────────────────────────────────────────
    test-results\smoke-Smoke-every-live-too-1c2cf--convert-png-to-jpg-renders-mobile-chromium\trace.zip
    Usage:

        npx playwright show-trace test-results\smoke-Smoke-every-live-too-1c2cf--convert-png-to-jpg-renders-mobile-chromium\trace.zip

    ────────────────────────────────────────────────────────────────────────────────────────────────


  124) [mobile-chromium] › e2e\smoke.spec.ts:6:9 › Smoke: every live tool page renders without errors › /convert/jpg-to-png renders 

    Error: page.goto: net::ERR_CONNECTION_REFUSED at http://127.0.0.1:3100/convert/jpg-to-png
    Call log:
      - navigating to "http://127.0.0.1:3100/convert/jpg-to-png", waiting until "load"


       8 |       page.on("pageerror", (err) => errors.push(err.message));
       9 |
    > 10 |       await page.goto(tool.href);
         |                  ^
      11 |       await expect(page.getByRole("heading", { level: 1 })).toContainText(tool.name);
      12 |
      13 |       expect(errors, `Runtime errors on ${tool.href}: ${errors.join("; ")}`).toEqual([]);
        at C:\Users\ravit\Desktop\my projects\thefileconvert\e2e\smoke.spec.ts:10:18

    Error Context: test-results\smoke-Smoke-every-live-too-27ab2--convert-jpg-to-png-renders-mobile-chromium\error-context.md

    attachment #2: trace (application/zip) ─────────────────────────────────────────────────────────
    test-results\smoke-Smoke-every-live-too-27ab2--convert-jpg-to-png-renders-mobile-chromium\trace.zip
    Usage:

        npx playwright show-trace test-results\smoke-Smoke-every-live-too-27ab2--convert-jpg-to-png-renders-mobile-chromium\trace.zip

    ────────────────────────────────────────────────────────────────────────────────────────────────


  125) [mobile-chromium] › e2e\smoke.spec.ts:6:9 › Smoke: every live tool page renders without errors › /convert/webp-to-jpg renders 

    Error: page.goto: net::ERR_CONNECTION_REFUSED at http://127.0.0.1:3100/convert/webp-to-jpg
    Call log:
      - navigating to "http://127.0.0.1:3100/convert/webp-to-jpg", waiting until "load"


       8 |       page.on("pageerror", (err) => errors.push(err.message));
       9 |
    > 10 |       await page.goto(tool.href);
         |                  ^
      11 |       await expect(page.getByRole("heading", { level: 1 })).toContainText(tool.name);
      12 |
      13 |       expect(errors, `Runtime errors on ${tool.href}: ${errors.join("; ")}`).toEqual([]);
        at C:\Users\ravit\Desktop\my projects\thefileconvert\e2e\smoke.spec.ts:10:18

    Error Context: test-results\smoke-Smoke-every-live-too-b2277-convert-webp-to-jpg-renders-mobile-chromium\error-context.md

    attachment #2: trace (application/zip) ─────────────────────────────────────────────────────────
    test-results\smoke-Smoke-every-live-too-b2277-convert-webp-to-jpg-renders-mobile-chromium\trace.zip
    Usage:

        npx playwright show-trace test-results\smoke-Smoke-every-live-too-b2277-convert-webp-to-jpg-renders-mobile-chromium\trace.zip

    ────────────────────────────────────────────────────────────────────────────────────────────────


  126) [mobile-chromium] › e2e\smoke.spec.ts:6:9 › Smoke: every live tool page renders without errors › /convert/jpg-to-webp renders 

    Error: page.goto: net::ERR_CONNECTION_REFUSED at http://127.0.0.1:3100/convert/jpg-to-webp
    Call log:
      - navigating to "http://127.0.0.1:3100/convert/jpg-to-webp", waiting until "load"


       8 |       page.on("pageerror", (err) => errors.push(err.message));
       9 |
    > 10 |       await page.goto(tool.href);
         |                  ^
      11 |       await expect(page.getByRole("heading", { level: 1 })).toContainText(tool.name);
      12 |
      13 |       expect(errors, `Runtime errors on ${tool.href}: ${errors.join("; ")}`).toEqual([]);
        at C:\Users\ravit\Desktop\my projects\thefileconvert\e2e\smoke.spec.ts:10:18

    Error Context: test-results\smoke-Smoke-every-live-too-9fc97-convert-jpg-to-webp-renders-mobile-chromium\error-context.md

    attachment #2: trace (application/zip) ─────────────────────────────────────────────────────────
    test-results\smoke-Smoke-every-live-too-9fc97-convert-jpg-to-webp-renders-mobile-chromium\trace.zip
    Usage:

        npx playwright show-trace test-results\smoke-Smoke-every-live-too-9fc97-convert-jpg-to-webp-renders-mobile-chromium\trace.zip

    ────────────────────────────────────────────────────────────────────────────────────────────────


[370/390] [mobile-chromium] › e2e\smoke.spec.ts:6:9 › Smoke: every live tool page renders without errors › /convert/png-to-webp renders
[371/390] [mobile-chromium] › e2e\smoke.spec.ts:6:9 › Smoke: every live tool page renders without errors › /convert/webp-to-png renders
[372/390] [mobile-chromium] › e2e\smoke.spec.ts:6:9 › Smoke: every live tool page renders without errors › /data/xml-formatter renders
[373/390] [mobile-chromium] › e2e\smoke.spec.ts:6:9 › Smoke: every live tool page renders without errors › /data/json-formatter renders
  127) [mobile-chromium] › e2e\smoke.spec.ts:6:9 › Smoke: every live tool page renders without errors › /convert/png-to-webp renders 

    Error: page.goto: net::ERR_CONNECTION_REFUSED at http://127.0.0.1:3100/convert/png-to-webp
    Call log:
      - navigating to "http://127.0.0.1:3100/convert/png-to-webp", waiting until "load"


       8 |       page.on("pageerror", (err) => errors.push(err.message));
       9 |
    > 10 |       await page.goto(tool.href);
         |                  ^
      11 |       await expect(page.getByRole("heading", { level: 1 })).toContainText(tool.name);
      12 |
      13 |       expect(errors, `Runtime errors on ${tool.href}: ${errors.join("; ")}`).toEqual([]);
        at C:\Users\ravit\Desktop\my projects\thefileconvert\e2e\smoke.spec.ts:10:18

    Error Context: test-results\smoke-Smoke-every-live-too-37c13-convert-png-to-webp-renders-mobile-chromium\error-context.md

    attachment #2: trace (application/zip) ─────────────────────────────────────────────────────────
    test-results\smoke-Smoke-every-live-too-37c13-convert-png-to-webp-renders-mobile-chromium\trace.zip
    Usage:

        npx playwright show-trace test-results\smoke-Smoke-every-live-too-37c13-convert-png-to-webp-renders-mobile-chromium\trace.zip

    ────────────────────────────────────────────────────────────────────────────────────────────────


  128) [mobile-chromium] › e2e\smoke.spec.ts:6:9 › Smoke: every live tool page renders without errors › /data/xml-formatter renders 

    Error: page.goto: net::ERR_CONNECTION_REFUSED at http://127.0.0.1:3100/data/xml-formatter
    Call log:
      - navigating to "http://127.0.0.1:3100/data/xml-formatter", waiting until "load"


       8 |       page.on("pageerror", (err) => errors.push(err.message));
       9 |
    > 10 |       await page.goto(tool.href);
         |                  ^
      11 |       await expect(page.getByRole("heading", { level: 1 })).toContainText(tool.name);
      12 |
      13 |       expect(errors, `Runtime errors on ${tool.href}: ${errors.join("; ")}`).toEqual([]);
        at C:\Users\ravit\Desktop\my projects\thefileconvert\e2e\smoke.spec.ts:10:18

    Error Context: test-results\smoke-Smoke-every-live-too-ae1f4--data-xml-formatter-renders-mobile-chromium\error-context.md

    attachment #2: trace (application/zip) ─────────────────────────────────────────────────────────
    test-results\smoke-Smoke-every-live-too-ae1f4--data-xml-formatter-renders-mobile-chromium\trace.zip
    Usage:

        npx playwright show-trace test-results\smoke-Smoke-every-live-too-ae1f4--data-xml-formatter-renders-mobile-chromium\trace.zip

    ────────────────────────────────────────────────────────────────────────────────────────────────


  129) [mobile-chromium] › e2e\smoke.spec.ts:6:9 › Smoke: every live tool page renders without errors › /data/json-formatter renders 

    Error: page.goto: net::ERR_CONNECTION_REFUSED at http://127.0.0.1:3100/data/json-formatter
    Call log:
      - navigating to "http://127.0.0.1:3100/data/json-formatter", waiting until "load"


       8 |       page.on("pageerror", (err) => errors.push(err.message));
       9 |
    > 10 |       await page.goto(tool.href);
         |                  ^
      11 |       await expect(page.getByRole("heading", { level: 1 })).toContainText(tool.name);
      12 |
      13 |       expect(errors, `Runtime errors on ${tool.href}: ${errors.join("; ")}`).toEqual([]);
        at C:\Users\ravit\Desktop\my projects\thefileconvert\e2e\smoke.spec.ts:10:18

    Error Context: test-results\smoke-Smoke-every-live-too-f68e3-data-json-formatter-renders-mobile-chromium\error-context.md

    attachment #2: trace (application/zip) ─────────────────────────────────────────────────────────
    test-results\smoke-Smoke-every-live-too-f68e3-data-json-formatter-renders-mobile-chromium\trace.zip
    Usage:

        npx playwright show-trace test-results\smoke-Smoke-every-live-too-f68e3-data-json-formatter-renders-mobile-chromium\trace.zip

    ────────────────────────────────────────────────────────────────────────────────────────────────


  130) [mobile-chromium] › e2e\smoke.spec.ts:6:9 › Smoke: every live tool page renders without errors › /convert/webp-to-png renders 

    Error: page.goto: net::ERR_CONNECTION_REFUSED at http://127.0.0.1:3100/convert/webp-to-png
    Call log:
      - navigating to "http://127.0.0.1:3100/convert/webp-to-png", waiting until "load"


       8 |       page.on("pageerror", (err) => errors.push(err.message));
       9 |
    > 10 |       await page.goto(tool.href);
         |                  ^
      11 |       await expect(page.getByRole("heading", { level: 1 })).toContainText(tool.name);
      12 |
      13 |       expect(errors, `Runtime errors on ${tool.href}: ${errors.join("; ")}`).toEqual([]);
        at C:\Users\ravit\Desktop\my projects\thefileconvert\e2e\smoke.spec.ts:10:18

    Error Context: test-results\smoke-Smoke-every-live-too-c18d5-convert-webp-to-png-renders-mobile-chromium\error-context.md

    attachment #2: trace (application/zip) ─────────────────────────────────────────────────────────
    test-results\smoke-Smoke-every-live-too-c18d5-convert-webp-to-png-renders-mobile-chromium\trace.zip
    Usage:

        npx playwright show-trace test-results\smoke-Smoke-every-live-too-c18d5-convert-webp-to-png-renders-mobile-chromium\trace.zip

    ────────────────────────────────────────────────────────────────────────────────────────────────


[374/390] [mobile-chromium] › e2e\smoke.spec.ts:6:9 › Smoke: every live tool page renders without errors › /data/csv-to-json renders
[375/390] [mobile-chromium] › e2e\smoke.spec.ts:6:9 › Smoke: every live tool page renders without errors › /data/json-to-csv renders
[376/390] [mobile-chromium] › e2e\smoke.spec.ts:6:9 › Smoke: every live tool page renders without errors › /data/base64 renders
[377/390] [mobile-chromium] › e2e\smoke.spec.ts:6:9 › Smoke: every live tool page renders without errors › /data/url-encode-decode renders
  131) [mobile-chromium] › e2e\smoke.spec.ts:6:9 › Smoke: every live tool page renders without errors › /data/json-to-csv renders 

    Error: page.goto: net::ERR_CONNECTION_REFUSED at http://127.0.0.1:3100/data/json-to-csv
    Call log:
      - navigating to "http://127.0.0.1:3100/data/json-to-csv", waiting until "load"


       8 |       page.on("pageerror", (err) => errors.push(err.message));
       9 |
    > 10 |       await page.goto(tool.href);
         |                  ^
      11 |       await expect(page.getByRole("heading", { level: 1 })).toContainText(tool.name);
      12 |
      13 |       expect(errors, `Runtime errors on ${tool.href}: ${errors.join("; ")}`).toEqual([]);
        at C:\Users\ravit\Desktop\my projects\thefileconvert\e2e\smoke.spec.ts:10:18

    Error Context: test-results\smoke-Smoke-every-live-too-f7712-rs-data-json-to-csv-renders-mobile-chromium\error-context.md

    attachment #2: trace (application/zip) ─────────────────────────────────────────────────────────
    test-results\smoke-Smoke-every-live-too-f7712-rs-data-json-to-csv-renders-mobile-chromium\trace.zip
    Usage:

        npx playwright show-trace test-results\smoke-Smoke-every-live-too-f7712-rs-data-json-to-csv-renders-mobile-chromium\trace.zip

    ────────────────────────────────────────────────────────────────────────────────────────────────


  132) [mobile-chromium] › e2e\smoke.spec.ts:6:9 › Smoke: every live tool page renders without errors › /data/base64 renders 

    Error: page.goto: net::ERR_CONNECTION_REFUSED at http://127.0.0.1:3100/data/base64
    Call log:
      - navigating to "http://127.0.0.1:3100/data/base64", waiting until "load"


       8 |       page.on("pageerror", (err) => errors.push(err.message));
       9 |
    > 10 |       await page.goto(tool.href);
         |                  ^
      11 |       await expect(page.getByRole("heading", { level: 1 })).toContainText(tool.name);
      12 |
      13 |       expect(errors, `Runtime errors on ${tool.href}: ${errors.join("; ")}`).toEqual([]);
        at C:\Users\ravit\Desktop\my projects\thefileconvert\e2e\smoke.spec.ts:10:18

    Error Context: test-results\smoke-Smoke-every-live-too-4321e--errors-data-base64-renders-mobile-chromium\error-context.md

    attachment #2: trace (application/zip) ─────────────────────────────────────────────────────────
    test-results\smoke-Smoke-every-live-too-4321e--errors-data-base64-renders-mobile-chromium\trace.zip
    Usage:

        npx playwright show-trace test-results\smoke-Smoke-every-live-too-4321e--errors-data-base64-renders-mobile-chromium\trace.zip

    ────────────────────────────────────────────────────────────────────────────────────────────────


  133) [mobile-chromium] › e2e\smoke.spec.ts:6:9 › Smoke: every live tool page renders without errors › /data/csv-to-json renders 

    Error: page.goto: net::ERR_CONNECTION_REFUSED at http://127.0.0.1:3100/data/csv-to-json
    Call log:
      - navigating to "http://127.0.0.1:3100/data/csv-to-json", waiting until "load"


       8 |       page.on("pageerror", (err) => errors.push(err.message));
       9 |
    > 10 |       await page.goto(tool.href);
         |                  ^
      11 |       await expect(page.getByRole("heading", { level: 1 })).toContainText(tool.name);
      12 |
      13 |       expect(errors, `Runtime errors on ${tool.href}: ${errors.join("; ")}`).toEqual([]);
        at C:\Users\ravit\Desktop\my projects\thefileconvert\e2e\smoke.spec.ts:10:18

    Error Context: test-results\smoke-Smoke-every-live-too-48845-rs-data-csv-to-json-renders-mobile-chromium\error-context.md

    attachment #2: trace (application/zip) ─────────────────────────────────────────────────────────
    test-results\smoke-Smoke-every-live-too-48845-rs-data-csv-to-json-renders-mobile-chromium\trace.zip
    Usage:

        npx playwright show-trace test-results\smoke-Smoke-every-live-too-48845-rs-data-csv-to-json-renders-mobile-chromium\trace.zip

    ────────────────────────────────────────────────────────────────────────────────────────────────


  134) [mobile-chromium] › e2e\smoke.spec.ts:6:9 › Smoke: every live tool page renders without errors › /data/url-encode-decode renders 

    Error: page.goto: net::ERR_CONNECTION_REFUSED at http://127.0.0.1:3100/data/url-encode-decode
    Call log:
      - navigating to "http://127.0.0.1:3100/data/url-encode-decode", waiting until "load"


       8 |       page.on("pageerror", (err) => errors.push(err.message));
       9 |
    > 10 |       await page.goto(tool.href);
         |                  ^
      11 |       await expect(page.getByRole("heading", { level: 1 })).toContainText(tool.name);
      12 |
      13 |       expect(errors, `Runtime errors on ${tool.href}: ${errors.join("; ")}`).toEqual([]);
        at C:\Users\ravit\Desktop\my projects\thefileconvert\e2e\smoke.spec.ts:10:18

    Error Context: test-results\smoke-Smoke-every-live-too-3aa2d-a-url-encode-decode-renders-mobile-chromium\error-context.md

    attachment #2: trace (application/zip) ─────────────────────────────────────────────────────────
    test-results\smoke-Smoke-every-live-too-3aa2d-a-url-encode-decode-renders-mobile-chromium\trace.zip
    Usage:

        npx playwright show-trace test-results\smoke-Smoke-every-live-too-3aa2d-a-url-encode-decode-renders-mobile-chromium\trace.zip

    ────────────────────────────────────────────────────────────────────────────────────────────────


[378/390] [mobile-chromium] › e2e\smoke.spec.ts:6:9 › Smoke: every live tool page renders without errors › /data/uuid-generator renders
[379/390] [mobile-chromium] › e2e\smoke.spec.ts:6:9 › Smoke: every live tool page renders without errors › /data/case-converter renders
[380/390] [mobile-chromium] › e2e\smoke.spec.ts:6:9 › Smoke: every live tool page renders without errors › /data/word-counter renders
[381/390] [mobile-chromium] › e2e\smoke.spec.ts:6:9 › Smoke: every live tool page renders without errors › /data/hash-generator renders
  135) [mobile-chromium] › e2e\smoke.spec.ts:6:9 › Smoke: every live tool page renders without errors › /data/uuid-generator renders 

    Error: page.goto: net::ERR_CONNECTION_REFUSED at http://127.0.0.1:3100/data/uuid-generator
    Call log:
      - navigating to "http://127.0.0.1:3100/data/uuid-generator", waiting until "load"


       8 |       page.on("pageerror", (err) => errors.push(err.message));
       9 |
    > 10 |       await page.goto(tool.href);
         |                  ^
      11 |       await expect(page.getByRole("heading", { level: 1 })).toContainText(tool.name);
      12 |
      13 |       expect(errors, `Runtime errors on ${tool.href}: ${errors.join("; ")}`).toEqual([]);
        at C:\Users\ravit\Desktop\my projects\thefileconvert\e2e\smoke.spec.ts:10:18

    Error Context: test-results\smoke-Smoke-every-live-too-8eb9c-data-uuid-generator-renders-mobile-chromium\error-context.md

    attachment #2: trace (application/zip) ─────────────────────────────────────────────────────────
    test-results\smoke-Smoke-every-live-too-8eb9c-data-uuid-generator-renders-mobile-chromium\trace.zip
    Usage:

        npx playwright show-trace test-results\smoke-Smoke-every-live-too-8eb9c-data-uuid-generator-renders-mobile-chromium\trace.zip

    ────────────────────────────────────────────────────────────────────────────────────────────────


  136) [mobile-chromium] › e2e\smoke.spec.ts:6:9 › Smoke: every live tool page renders without errors › /data/word-counter renders 

    Error: page.goto: net::ERR_CONNECTION_REFUSED at http://127.0.0.1:3100/data/word-counter
    Call log:
      - navigating to "http://127.0.0.1:3100/data/word-counter", waiting until "load"


       8 |       page.on("pageerror", (err) => errors.push(err.message));
       9 |
    > 10 |       await page.goto(tool.href);
         |                  ^
      11 |       await expect(page.getByRole("heading", { level: 1 })).toContainText(tool.name);
      12 |
      13 |       expect(errors, `Runtime errors on ${tool.href}: ${errors.join("; ")}`).toEqual([]);
        at C:\Users\ravit\Desktop\my projects\thefileconvert\e2e\smoke.spec.ts:10:18

    Error Context: test-results\smoke-Smoke-every-live-too-5b3c0-s-data-word-counter-renders-mobile-chromium\error-context.md

    attachment #2: trace (application/zip) ─────────────────────────────────────────────────────────
    test-results\smoke-Smoke-every-live-too-5b3c0-s-data-word-counter-renders-mobile-chromium\trace.zip
    Usage:

        npx playwright show-trace test-results\smoke-Smoke-every-live-too-5b3c0-s-data-word-counter-renders-mobile-chromium\trace.zip

    ────────────────────────────────────────────────────────────────────────────────────────────────


  137) [mobile-chromium] › e2e\smoke.spec.ts:6:9 › Smoke: every live tool page renders without errors › /data/hash-generator renders 

    Error: page.goto: net::ERR_CONNECTION_REFUSED at http://127.0.0.1:3100/data/hash-generator
    Call log:
      - navigating to "http://127.0.0.1:3100/data/hash-generator", waiting until "load"


       8 |       page.on("pageerror", (err) => errors.push(err.message));
       9 |
    > 10 |       await page.goto(tool.href);
         |                  ^
      11 |       await expect(page.getByRole("heading", { level: 1 })).toContainText(tool.name);
      12 |
      13 |       expect(errors, `Runtime errors on ${tool.href}: ${errors.join("; ")}`).toEqual([]);
        at C:\Users\ravit\Desktop\my projects\thefileconvert\e2e\smoke.spec.ts:10:18

    Error Context: test-results\smoke-Smoke-every-live-too-53a67-data-hash-generator-renders-mobile-chromium\error-context.md

    attachment #2: trace (application/zip) ─────────────────────────────────────────────────────────
    test-results\smoke-Smoke-every-live-too-53a67-data-hash-generator-renders-mobile-chromium\trace.zip
    Usage:

        npx playwright show-trace test-results\smoke-Smoke-every-live-too-53a67-data-hash-generator-renders-mobile-chromium\trace.zip

    ────────────────────────────────────────────────────────────────────────────────────────────────


  138) [mobile-chromium] › e2e\smoke.spec.ts:6:9 › Smoke: every live tool page renders without errors › /data/case-converter renders 

    Error: page.goto: net::ERR_CONNECTION_REFUSED at http://127.0.0.1:3100/data/case-converter
    Call log:
      - navigating to "http://127.0.0.1:3100/data/case-converter", waiting until "load"


       8 |       page.on("pageerror", (err) => errors.push(err.message));
       9 |
    > 10 |       await page.goto(tool.href);
         |                  ^
      11 |       await expect(page.getByRole("heading", { level: 1 })).toContainText(tool.name);
      12 |
      13 |       expect(errors, `Runtime errors on ${tool.href}: ${errors.join("; ")}`).toEqual([]);
        at C:\Users\ravit\Desktop\my projects\thefileconvert\e2e\smoke.spec.ts:10:18

    Error Context: test-results\smoke-Smoke-every-live-too-acc67-data-case-converter-renders-mobile-chromium\error-context.md

    attachment #2: trace (application/zip) ─────────────────────────────────────────────────────────
    test-results\smoke-Smoke-every-live-too-acc67-data-case-converter-renders-mobile-chromium\trace.zip
    Usage:

        npx playwright show-trace test-results\smoke-Smoke-every-live-too-acc67-data-case-converter-renders-mobile-chromium\trace.zip

    ────────────────────────────────────────────────────────────────────────────────────────────────


[382/390] [mobile-chromium] › e2e\smoke.spec.ts:6:9 › Smoke: every live tool page renders without errors › /data/text-diff renders
[383/390] [mobile-chromium] › e2e\smoke.spec.ts:6:9 › Smoke: every live tool page renders without errors › /document/markdown-to-html renders
[384/390] [mobile-chromium] › e2e\smoke.spec.ts:6:9 › Smoke: every live tool page renders without errors › /document/markdown-to-pdf renders
[385/390] [mobile-chromium] › e2e\smoke.spec.ts:6:9 › Smoke: every live tool page renders without errors › /document/txt-to-pdf renders
  139) [mobile-chromium] › e2e\smoke.spec.ts:6:9 › Smoke: every live tool page renders without errors › /data/text-diff renders 

    Error: page.goto: net::ERR_CONNECTION_REFUSED at http://127.0.0.1:3100/data/text-diff
    Call log:
      - navigating to "http://127.0.0.1:3100/data/text-diff", waiting until "load"


       8 |       page.on("pageerror", (err) => errors.push(err.message));
       9 |
    > 10 |       await page.goto(tool.href);
         |                  ^
      11 |       await expect(page.getByRole("heading", { level: 1 })).toContainText(tool.name);
      12 |
      13 |       expect(errors, `Runtime errors on ${tool.href}: ${errors.join("; ")}`).toEqual([]);
        at C:\Users\ravit\Desktop\my projects\thefileconvert\e2e\smoke.spec.ts:10:18

    Error Context: test-results\smoke-Smoke-every-live-too-9f39d-rors-data-text-diff-renders-mobile-chromium\error-context.md

    attachment #2: trace (application/zip) ─────────────────────────────────────────────────────────
    test-results\smoke-Smoke-every-live-too-9f39d-rors-data-text-diff-renders-mobile-chromium\trace.zip
    Usage:

        npx playwright show-trace test-results\smoke-Smoke-every-live-too-9f39d-rors-data-text-diff-renders-mobile-chromium\trace.zip

    ────────────────────────────────────────────────────────────────────────────────────────────────


  140) [mobile-chromium] › e2e\smoke.spec.ts:6:9 › Smoke: every live tool page renders without errors › /document/markdown-to-pdf renders 

    Error: page.goto: net::ERR_CONNECTION_REFUSED at http://127.0.0.1:3100/document/markdown-to-pdf
    Call log:
      - navigating to "http://127.0.0.1:3100/document/markdown-to-pdf", waiting until "load"


       8 |       page.on("pageerror", (err) => errors.push(err.message));
       9 |
    > 10 |       await page.goto(tool.href);
         |                  ^
      11 |       await expect(page.getByRole("heading", { level: 1 })).toContainText(tool.name);
      12 |
      13 |       expect(errors, `Runtime errors on ${tool.href}: ${errors.join("; ")}`).toEqual([]);
        at C:\Users\ravit\Desktop\my projects\thefileconvert\e2e\smoke.spec.ts:10:18

    Error Context: test-results\smoke-Smoke-every-live-too-a0bfe-ent-markdown-to-pdf-renders-mobile-chromium\error-context.md

    attachment #2: trace (application/zip) ─────────────────────────────────────────────────────────
    test-results\smoke-Smoke-every-live-too-a0bfe-ent-markdown-to-pdf-renders-mobile-chromium\trace.zip
    Usage:

        npx playwright show-trace test-results\smoke-Smoke-every-live-too-a0bfe-ent-markdown-to-pdf-renders-mobile-chromium\trace.zip

    ────────────────────────────────────────────────────────────────────────────────────────────────


  141) [mobile-chromium] › e2e\smoke.spec.ts:6:9 › Smoke: every live tool page renders without errors › /document/markdown-to-html renders 

    Error: page.goto: net::ERR_CONNECTION_REFUSED at http://127.0.0.1:3100/document/markdown-to-html
    Call log:
      - navigating to "http://127.0.0.1:3100/document/markdown-to-html", waiting until "load"


       8 |       page.on("pageerror", (err) => errors.push(err.message));
       9 |
    > 10 |       await page.goto(tool.href);
         |                  ^
      11 |       await expect(page.getByRole("heading", { level: 1 })).toContainText(tool.name);
      12 |
      13 |       expect(errors, `Runtime errors on ${tool.href}: ${errors.join("; ")}`).toEqual([]);
        at C:\Users\ravit\Desktop\my projects\thefileconvert\e2e\smoke.spec.ts:10:18

    Error Context: test-results\smoke-Smoke-every-live-too-cfcb4-nt-markdown-to-html-renders-mobile-chromium\error-context.md

    attachment #2: trace (application/zip) ─────────────────────────────────────────────────────────
    test-results\smoke-Smoke-every-live-too-cfcb4-nt-markdown-to-html-renders-mobile-chromium\trace.zip
    Usage:

        npx playwright show-trace test-results\smoke-Smoke-every-live-too-cfcb4-nt-markdown-to-html-renders-mobile-chromium\trace.zip

    ────────────────────────────────────────────────────────────────────────────────────────────────


  142) [mobile-chromium] › e2e\smoke.spec.ts:6:9 › Smoke: every live tool page renders without errors › /document/txt-to-pdf renders 

    Error: page.goto: net::ERR_CONNECTION_REFUSED at http://127.0.0.1:3100/document/txt-to-pdf
    Call log:
      - navigating to "http://127.0.0.1:3100/document/txt-to-pdf", waiting until "load"


       8 |       page.on("pageerror", (err) => errors.push(err.message));
       9 |
    > 10 |       await page.goto(tool.href);
         |                  ^
      11 |       await expect(page.getByRole("heading", { level: 1 })).toContainText(tool.name);
      12 |
      13 |       expect(errors, `Runtime errors on ${tool.href}: ${errors.join("; ")}`).toEqual([]);
        at C:\Users\ravit\Desktop\my projects\thefileconvert\e2e\smoke.spec.ts:10:18

    Error Context: test-results\smoke-Smoke-every-live-too-0e672-document-txt-to-pdf-renders-mobile-chromium\error-context.md

    attachment #2: trace (application/zip) ─────────────────────────────────────────────────────────
    test-results\smoke-Smoke-every-live-too-0e672-document-txt-to-pdf-renders-mobile-chromium\trace.zip
    Usage:

        npx playwright show-trace test-results\smoke-Smoke-every-live-too-0e672-document-txt-to-pdf-renders-mobile-chromium\trace.zip

    ────────────────────────────────────────────────────────────────────────────────────────────────


[386/390] [mobile-chromium] › e2e\smoke.spec.ts:6:9 › Smoke: every live tool page renders without errors › /document/txt-to-html renders
[387/390] [mobile-chromium] › e2e\smoke.spec.ts:6:9 › Smoke: every live tool page renders without errors › /archive/unzip renders
[388/390] [mobile-chromium] › e2e\smoke.spec.ts:6:9 › Smoke: every live tool page renders without errors › /archive/zip renders
[389/390] [mobile-chromium] › e2e\theme-and-responsive.spec.ts:4:7 › Dark mode › toggling theme updates the document attribute and persists on reload
  143) [mobile-chromium] › e2e\smoke.spec.ts:6:9 › Smoke: every live tool page renders without errors › /document/txt-to-html renders 

    Error: page.goto: net::ERR_CONNECTION_REFUSED at http://127.0.0.1:3100/document/txt-to-html
    Call log:
      - navigating to "http://127.0.0.1:3100/document/txt-to-html", waiting until "load"


       8 |       page.on("pageerror", (err) => errors.push(err.message));
       9 |
    > 10 |       await page.goto(tool.href);
         |                  ^
      11 |       await expect(page.getByRole("heading", { level: 1 })).toContainText(tool.name);
      12 |
      13 |       expect(errors, `Runtime errors on ${tool.href}: ${errors.join("; ")}`).toEqual([]);
        at C:\Users\ravit\Desktop\my projects\thefileconvert\e2e\smoke.spec.ts:10:18

    Error Context: test-results\smoke-Smoke-every-live-too-6d157-ocument-txt-to-html-renders-mobile-chromium\error-context.md

    attachment #2: trace (application/zip) ─────────────────────────────────────────────────────────
    test-results\smoke-Smoke-every-live-too-6d157-ocument-txt-to-html-renders-mobile-chromium\trace.zip
    Usage:

        npx playwright show-trace test-results\smoke-Smoke-every-live-too-6d157-ocument-txt-to-html-renders-mobile-chromium\trace.zip

    ────────────────────────────────────────────────────────────────────────────────────────────────


  144) [mobile-chromium] › e2e\smoke.spec.ts:6:9 › Smoke: every live tool page renders without errors › /archive/unzip renders 

    Error: page.goto: net::ERR_CONNECTION_REFUSED at http://127.0.0.1:3100/archive/unzip
    Call log:
      - navigating to "http://127.0.0.1:3100/archive/unzip", waiting until "load"


       8 |       page.on("pageerror", (err) => errors.push(err.message));
       9 |
    > 10 |       await page.goto(tool.href);
         |                  ^
      11 |       await expect(page.getByRole("heading", { level: 1 })).toContainText(tool.name);
      12 |
      13 |       expect(errors, `Runtime errors on ${tool.href}: ${errors.join("; ")}`).toEqual([]);
        at C:\Users\ravit\Desktop\my projects\thefileconvert\e2e\smoke.spec.ts:10:18

    Error Context: test-results\smoke-Smoke-every-live-too-d6ae1-rrors-archive-unzip-renders-mobile-chromium\error-context.md

    attachment #2: trace (application/zip) ─────────────────────────────────────────────────────────
    test-results\smoke-Smoke-every-live-too-d6ae1-rrors-archive-unzip-renders-mobile-chromium\trace.zip
    Usage:

        npx playwright show-trace test-results\smoke-Smoke-every-live-too-d6ae1-rrors-archive-unzip-renders-mobile-chromium\trace.zip

    ────────────────────────────────────────────────────────────────────────────────────────────────


  145) [mobile-chromium] › e2e\smoke.spec.ts:6:9 › Smoke: every live tool page renders without errors › /archive/zip renders 

    Error: page.goto: net::ERR_CONNECTION_REFUSED at http://127.0.0.1:3100/archive/zip
    Call log:
      - navigating to "http://127.0.0.1:3100/archive/zip", waiting until "load"


       8 |       page.on("pageerror", (err) => errors.push(err.message));
       9 |
    > 10 |       await page.goto(tool.href);
         |                  ^
      11 |       await expect(page.getByRole("heading", { level: 1 })).toContainText(tool.name);
      12 |
      13 |       expect(errors, `Runtime errors on ${tool.href}: ${errors.join("; ")}`).toEqual([]);
        at C:\Users\ravit\Desktop\my projects\thefileconvert\e2e\smoke.spec.ts:10:18

    Error Context: test-results\smoke-Smoke-every-live-too-0ebaa--errors-archive-zip-renders-mobile-chromium\error-context.md

    attachment #2: trace (application/zip) ─────────────────────────────────────────────────────────
    test-results\smoke-Smoke-every-live-too-0ebaa--errors-archive-zip-renders-mobile-chromium\trace.zip
    Usage:

        npx playwright show-trace test-results\smoke-Smoke-every-live-too-0ebaa--errors-archive-zip-renders-mobile-chromium\trace.zip

    ────────────────────────────────────────────────────────────────────────────────────────────────


  146) [mobile-chromium] › e2e\theme-and-responsive.spec.ts:4:7 › Dark mode › toggling theme updates the document attribute and persists on reload 

    Error: page.goto: net::ERR_CONNECTION_REFUSED at http://127.0.0.1:3100/
    Call log:
      - navigating to "http://127.0.0.1:3100/", waiting until "load"


      3 | test.describe("Dark mode", () => {
      4 |   test("toggling theme updates the document attribute and persists on reload", async ({ page, isMobile }) => {
    > 5 |     await page.goto("/");
        |                ^
      6 |     const html = page.locator("html");
      7 |     await expect(html).toHaveAttribute("data-theme", "light");
      8 |
        at C:\Users\ravit\Desktop\my projects\thefileconvert\e2e\theme-and-responsive.spec.ts:5:16

    Error Context: test-results\theme-and-responsive-Dark--f61ff-bute-and-persists-on-reload-mobile-chromium\error-context.md

    attachment #2: trace (application/zip) ─────────────────────────────────────────────────────────
    test-results\theme-and-responsive-Dark--f61ff-bute-and-persists-on-reload-mobile-chromium\trace.zip
    Usage:

        npx playwright show-trace test-results\theme-and-responsive-Dark--f61ff-bute-and-persists-on-reload-mobile-chromium\trace.zip

    ────────────────────────────────────────────────────────────────────────────────────────────────


[390/390] [mobile-chromium] › e2e\theme-and-responsive.spec.ts:21:7 › Responsive layout › no horizontal overflow at common viewport widths
  147) [mobile-chromium] › e2e\theme-and-responsive.spec.ts:21:7 › Responsive layout › no horizontal overflow at common viewport widths 

    Error: page.goto: net::ERR_CONNECTION_REFUSED at http://127.0.0.1:3100/
    Call log:
      - navigating to "http://127.0.0.1:3100/", waiting until "load"


      22 |     for (const width of [375, 768, 1366, 1920]) {
      23 |       await page.setViewportSize({ width, height: 900 });
    > 24 |       await page.goto("/");
         |                  ^
      25 |       const hasOverflow = await page.evaluate(
      26 |         () => document.documentElement.scrollWidth > document.documentElement.clientWidth + 1
      27 |       );
        at C:\Users\ravit\Desktop\my projects\thefileconvert\e2e\theme-and-responsive.spec.ts:24:18

    Error Context: test-results\theme-and-responsive-Respo-aea8b-w-at-common-viewport-widths-mobile-chromium\error-context.md

    attachment #2: trace (application/zip) ─────────────────────────────────────────────────────────
    test-results\theme-and-responsive-Respo-aea8b-w-at-common-viewport-widths-mobile-chromium\trace.zip
    Usage:

        npx playwright show-trace test-results\theme-and-responsive-Respo-aea8b-w-at-common-viewport-widths-mobile-chromium\trace.zip

    ────────────────────────────────────────────────────────────────────────────────────────────────


  147 failed
    [chromium-ocr] › e2e\pdf-editor-ocr.spec.ts:140:7 › PDF Editor: OCR integration › recognizes a scanned page inside a mixed document and lets you correct the text 
    [chromium-ocr] › e2e\pdf-editor-ocr.spec.ts:567:7 › PDF Editor: OCR privacy regression › recognizing and correcting a scanned page, then exporting, never sends document content or scan pixels off-device 
    [mobile-chromium-ocr] › e2e\ocr.spec.ts:113:7 › OCR: recognition accuracy › processes every page of a multi-page scanned PDF 
    [mobile-chromium-ocr] › e2e\ocr.spec.ts:219:7 › OCR: network privacy › only same-origin static OCR assets are fetched — never document content 
    [mobile-chromium-ocr] › e2e\pdf-editor-ocr.spec.ts:140:7 › PDF Editor: OCR integration › recognizes a scanned page inside a mixed document and lets you correct the text 
    [mobile-chromium-ocr] › e2e\pdf-editor-ocr.spec.ts:161:7 › PDF Editor: OCR text edit round trip › corrects exactly one recognized word — original text carries only that word, not the whole line 
    [mobile-chromium-ocr] › e2e\pdf-editor-ocr.spec.ts:426:7 › PDF Editor: OCR visual-fidelity fixtures › micro-edit acceptance: only the changed date digit is patched, not the whole date field 
    [mobile-chromium-ocr] › e2e\pdf-editor-ocr.spec.ts:567:7 › PDF Editor: OCR privacy regression › recognizing and correcting a scanned page, then exporting, never sends document content or scan pixels off-device 
    [chromium] › e2e\navigation.spec.ts:4:7 › Navigation › desktop nav links go to the right tool pages 
    [chromium] › e2e\navigation.spec.ts:28:7 › Navigation › tool search shows an empty state for nonsense queries 
    [chromium] › e2e\pdf-editor-interaction.spec.ts:201:7 › PDF Editor: text is edited directly on the page › clicking an already-selected text box (or double-clicking) re-enters editing; typing is one undo step 
    [chromium] › e2e\quality-acceptance.spec.ts:83:7 › PDF merge / reorder › reorder: arrows are labelled per page and move that page 
    [mobile-chromium] › e2e\data-tools.spec.ts:77:9 › Text and document converters: whitespace-only input counts as empty › /data/base64: spaces, tabs and blank lines show the empty-input message and produce nothing 
    [mobile-chromium] › e2e\pdf-compress-honesty.spec.ts:30:7 › Target-size PDF compression is honest about what it actually achieved › an image-dominated PDF: the search stops at a rung whose real output actually fits the target 
    [mobile-chromium] › e2e\pdf-compress-honesty.spec.ts:56:7 › Target-size PDF compression is honest about what it actually achieved › an impossible target never fakes success: it is labelled Closest safe result and the file still opens 
    [mobile-chromium] › e2e\pdf-editor-advanced.spec.ts:64:7 › PDF Editor: signature › draws a signature, places and resizes it, and it renders at the intended location after export 
    [mobile-chromium] › e2e\pdf-editor-advanced.spec.ts:145:7 › PDF Editor: image placement › inserts a real PNG image, preserves aspect ratio, and it renders at the placed location 
    [mobile-chromium] › e2e\pdf-editor-advanced.spec.ts:208:7 › PDF Editor: annotations › highlight fills the selected region with a translucent color 
    [mobile-chromium] › e2e\pdf-editor-advanced.spec.ts:227:7 › PDF Editor: annotations › underline draws a thin line at the bottom of the region, not a fill 
    [mobile-chromium] › e2e\pdf-editor-advanced.spec.ts:244:7 › PDF Editor: annotations › strikethrough draws a thin line through the middle of the region 
    [mobile-chromium] › e2e\pdf-editor-advanced.spec.ts:265:7 › PDF Editor: form fill › detects AcroForm fields, edits them, and the values persist in the exported PDF 
    [mobile-chromium] › e2e\pdf-editor-advanced.spec.ts:293:7 › PDF Editor: crop › applies a crop box to the current page and it's reflected in the exported PDF's page box 
    [mobile-chromium] › e2e\pdf-editor-advanced.spec.ts:339:7 › PDF Editor: header/footer › stamps header/footer text with a page-number token onto every page 
    [mobile-chromium] › e2e\pdf-editor-interaction.spec.ts:64:7 › PDF Editor: drag previews follow the pointer › the live preview box sits exactly under the pointer while dragging (not at the page's top-left) 
    [mobile-chromium] › e2e\pdf-editor-interaction.spec.ts:86:7 › PDF Editor: drag previews follow the pointer › a drag started on top of the page's text still draws (the text hit-target doesn't swallow it) 
    [mobile-chromium] › e2e\pdf-editor-interaction.spec.ts:95:7 › PDF Editor: drag previews follow the pointer › placement is exact (0px) at different zooms, when scrolled, and on a rotated page 
    [mobile-chromium] › e2e\pdf-editor-interaction.spec.ts:123:7 › PDF Editor: tools stay armed for repeated use › highlight, underline and strikethrough each work several times in a row without reselecting 
    [mobile-chromium] › e2e\pdf-editor-interaction.spec.ts:134:7 › PDF Editor: tools stay armed for repeated use › Escape leaves the tool; a stray click without dragging doesn't create anything or drop the tool 
    [mobile-chromium] › e2e\pdf-editor-interaction.spec.ts:147:7 › PDF Editor: freehand drawing › the stroke is visible while the pointer is still down, and the tool stays armed 
    [mobile-chromium] › e2e\pdf-editor-interaction.spec.ts:166:7 › PDF Editor: text is edited directly on the page › place text, type a sentence continuously, edit inside it, and it exports where it shows 
    [mobile-chromium] › e2e\pdf-editor-interaction.spec.ts:201:7 › PDF Editor: text is edited directly on the page › clicking an already-selected text box (or double-clicking) re-enters editing; typing is one undo step 
    [mobile-chromium] › e2e\pdf-editor-interaction.spec.ts:218:7 › PDF Editor: text is edited directly on the page › the selected text's color and size are edited from the panel, and Delete removes it 
    [mobile-chromium] › e2e\pdf-editor-interaction.spec.ts:240:7 › PDF Editor: text is edited directly on the page › typing into the properties-panel text box isn't cut off after one character 
    [mobile-chromium] › e2e\pdf-editor-interaction.spec.ts:259:7 › PDF Editor: shapes, images, crop, search, pages › a line dragged down-right exports down-right, and matches what's on screen 
    [mobile-chromium] › e2e\pdf-editor-interaction.spec.ts:287:7 › PDF Editor: shapes, images, crop, search, pages › a resized picture keeps its proportions (screen and export agree) 
    [mobile-chromium] › e2e\pdf-editor-interaction.spec.ts:307:7 › PDF Editor: shapes, images, crop, search, pages › a crop area can be adjusted by its handles, is kept on the page, and applied from the action bar 
    [mobile-chromium] › e2e\pdf-editor-interaction.spec.ts:334:7 › PDF Editor: shapes, images, crop, search, pages › search covers every page from the start and Next/Prev jump to the match 
    [mobile-chromium] › e2e\pdf-editor-interaction.spec.ts:349:7 › PDF Editor: shapes, images, crop, search, pages › pages can be moved with the Move up/down buttons (works without dragging) 
    [mobile-chromium] › e2e\pdf-editor-interaction.spec.ts:360:7 › PDF Editor: shapes, images, crop, search, pages › Whiteout shows the not-secure-redaction warning while it's the active tool 
    [mobile-chromium] › e2e\pdf-editor-interaction.spec.ts:370:7 › PDF Editor: added text on a rotated page › keeps its layout (one line, real width) and turns with the page instead of wrapping into a sliver 
    [mobile-chromium] › e2e\pdf-editor-interaction.spec.ts:394:7 › PDF Editor: underline and strikethrough as a flat drag › dragging straight along a line (almost no height) still creates the underline / strikethrough 
    [mobile-chromium] › e2e\pdf-editor-interaction.spec.ts:414:7 › PDF Editor: typing right after placing text › the first character typed immediately after clicking is not lost 
    [mobile-chromium] › e2e\pdf-editor-interaction.spec.ts:425:7 › PDF Editor: pages that carry a CropBox › the page is laid out on its visible (cropped) area, and the crop survives a round trip 
    [mobile-chromium] › e2e\pdf-editor-interaction.spec.ts:445:7 › PDF Editor on a phone › opens fit to the screen, has finger-sized controls, and both drawers can be closed and used 
    [mobile-chromium] › e2e\pdf-editor-interaction.spec.ts:474:7 › PDF Editor: a page wider than its viewport › the page keeps its size (and its drawing overlay matches its canvas) and scrolls instead of being squeezed 
    [mobile-chromium] › e2e\pdf-editor-interaction.spec.ts:510:7 › PDF Editor on a phone: touch input › tap places text and typing works; highlight/underline stay armed; strokes render live; crop applies 
    [mobile-chromium] › e2e\pdf-editor-qa.spec.ts:27:7 › PDF Editor: large document smoke test › handles a 25-page document: thumbnails, navigation, zoom, an annotation, and export 
    [mobile-chromium] › e2e\pdf-editor-qa.spec.ts:75:7 › PDF Editor: mobile editing checklist › every core editing action works on a mobile viewport 
    [mobile-chromium] › e2e\pdf-editor-qa.spec.ts:156:9 › PDF Editor: responsive QA matrix › no horizontal overflow and core controls are reachable at 390x844 
    [mobile-chromium] › e2e\pdf-editor-qa.spec.ts:156:9 › PDF Editor: responsive QA matrix › no horizontal overflow and core controls are reachable at 768x1024 
    [mobile-chromium] › e2e\pdf-editor-qa.spec.ts:156:9 › PDF Editor: responsive QA matrix › no horizontal overflow and core controls are reachable at 1366x768 
    [mobile-chromium] › e2e\pdf-editor-qa.spec.ts:156:9 › PDF Editor: responsive QA matrix › no horizontal overflow and core controls are reachable at 1440x900 
    [mobile-chromium] › e2e\pdf-editor-qa.spec.ts:156:9 › PDF Editor: responsive QA matrix › no horizontal overflow and core controls are reachable at 1920x1080 
    [mobile-chromium] › e2e\pdf-editor-qa.spec.ts:156:9 › PDF Editor: responsive QA matrix › no horizontal overflow and core controls are reachable at 2560x1440 
    [mobile-chromium] › e2e\pdf-editor-qa.spec.ts:156:9 › PDF Editor: responsive QA matrix › no horizontal overflow and core controls are reachable at 3440x1440 
    [mobile-chromium] › e2e\pdf-editor-qa.spec.ts:186:7 › PDF Editor: privacy regression (signature / image / form / crop / header-footer) › no document bytes, signature/image contents, or third-party requests leave the browser across these flows 
    [mobile-chromium] › e2e\pdf-editor.spec.ts:49:7 › PDF Editor: native text editing › corrects native text, exports, and the correction is verifiable in the reopened PDF 
    [mobile-chromium] › e2e\pdf-editor.spec.ts:71:7 › PDF Editor: add text / shapes / annotations › adds a text box and it appears at export in the reopened PDF 
    [mobile-chromium] › e2e\pdf-editor.spec.ts:83:7 › PDF Editor: add text / shapes / annotations › draws a whiteout box and the exported page renders a white-filled region 
    [mobile-chromium] › e2e\pdf-editor.spec.ts:107:7 › PDF Editor: add text / shapes / annotations › draws a rectangle shape that survives export 
    [mobile-chromium] › e2e\pdf-editor.spec.ts:132:7 › PDF Editor: page management › rotate, duplicate, and delete pages, then export and verify the result 
    [mobile-chromium] › e2e\pdf-editor.spec.ts:154:7 › PDF Editor: page management › inserts pages from another PDF after the current page 
    [mobile-chromium] › e2e\pdf-editor.spec.ts:173:7 › PDF Editor: undo/redo › Ctrl+Z undoes an added text object and Ctrl+Shift+Z redoes it 
    [mobile-chromium] › e2e\pdf-editor.spec.ts:199:7 › PDF Editor: OCR integration › OCR is never fetched until recognition is explicitly requested 
    [mobile-chromium] › e2e\pdf-editor.spec.ts:215:7 › PDF Editor: privacy / network › no document content is ever sent off-device while editing and exporting 
    [mobile-chromium] › e2e\pdf-editor.spec.ts:236:7 › PDF Editor: security / error handling › a corrupted PDF fails safely with a friendly message 
    [mobile-chromium] › e2e\pdf-editor.spec.ts:245:7 › PDF Editor: security / error handling › a zero-byte file is rejected immediately 
    [mobile-chromium] › e2e\pdf-editor.spec.ts:251:7 › PDF Editor: security / error handling › an unsupported file type shows a friendly error 
    [mobile-chromium] › e2e\pdf-editor.spec.ts:259:7 › PDF Editor: responsive / mobile › no horizontal overflow and page panels are reachable via toggle buttons at 390px width 
    [mobile-chromium] › e2e\pdf-merge.spec.ts:8:7 › PDF merge workflow › merges two PDFs and produces a valid combined PDF 
    [mobile-chromium] › e2e\pdf-merge.spec.ts:36:7 › PDF merge workflow › shows a friendly error state and allows retry when processing fails 
    [mobile-chromium] › e2e\quality-acceptance.spec.ts:61:7 › PDF merge / reorder › merge: files can be reordered in the list, and the output follows that order 
    [mobile-chromium] › e2e\quality-acceptance.spec.ts:83:7 › PDF merge / reorder › reorder: arrows are labelled per page and move that page 
    [mobile-chromium] › e2e\quality-acceptance.spec.ts:94:7 › PDF pages keep their displayed orientation › PDF to images: a page stored rotated 90 degrees comes out landscape 
    [mobile-chromium] › e2e\quality-acceptance.spec.ts:108:7 › PDF pages keep their displayed orientation › page numbers land at the displayed bottom of a rotated page, not its stored bottom 
    [mobile-chromium] › e2e\quality-acceptance.spec.ts:125:7 › PDF pages keep their displayed orientation › watermark text the PDF fonts cannot draw gives a plain-language message, not an encoding error 
    [mobile-chromium] › e2e\quality-acceptance.spec.ts:135:7 › PDF compress (target-size) tells the truth › a target the free lossless pass already meets merges duplicate images and reports real sizes 
    [mobile-chromium] › e2e\quality-acceptance.spec.ts:148:7 › PDF compress (target-size) tells the truth › an image-only scan: a loose target needs no quality loss, a tight one walks the ladder and shrinks a lot 
    [mobile-chromium] › e2e\quality-acceptance.spec.ts:173:7 › Image tools protect transparency and say what they did › compress (target-size): a transparent PNG is automatically kept in a format that preserves transparency 
    [mobile-chromium] › e2e\quality-acceptance.spec.ts:182:7 › Image tools protect transparency and say what they did › compress (target-size): a very tight target on a transparent image still keeps transparency, and says it converted format 
    [mobile-chromium] › e2e\quality-acceptance.spec.ts:194:7 › Image tools protect transparency and say what they did › compress (target-size): an already-small JPG under the target comes back unchanged instead of possibly larger 
    [mobile-chromium] › e2e\quality-acceptance.spec.ts:203:7 › Image tools protect transparency and say what they did › resize, rotate and crop keep a PNG a PNG by default 
    [mobile-chromium] › e2e\quality-acceptance.spec.ts:232:7 › PDF metadata removal › clears every document-information entry and keeps the content 
    [mobile-chromium] › e2e\quality-acceptance.spec.ts:252:7 › Text tools › CSV with an unclosed quote is reported, not silently mangled 
    [mobile-chromium] › e2e\quality-acceptance.spec.ts:257:7 › Text tools › JSON to CSV writes nested values as JSON text, never [object Object] 
    [mobile-chromium] › e2e\quality-acceptance.spec.ts:264:7 › Text tools › XML pretty-print keeps the xml declaration 
    [mobile-chromium] › e2e\quality-acceptance.spec.ts:269:7 › Text tools › case converter keeps accented letters 
    [mobile-chromium] › e2e\quality-acceptance.spec.ts:277:7 › Text tools › text diff says when the two texts are identical 
    [mobile-chromium] › e2e\quality-acceptance.spec.ts:288:7 › Documents › TXT to PDF: characters the PDF fonts cannot draw are reported, not turned into an encoding error 
    [mobile-chromium] › e2e\quality-acceptance.spec.ts:298:7 › Documents › editing the text after converting drops the stale Download button 
    [mobile-chromium] › e2e\quality-acceptance.spec.ts:307:7 › Documents › Markdown to HTML: tables render, snake_case survives, and javascript: links are removed 
    [mobile-chromium] › e2e\quality-acceptance.spec.ts:320:7 › Home page › the file chosen on the home page is already loaded in the tool it leads to, and specific tools come first 
    [mobile-chromium] › e2e\security-edge-cases.spec.ts:7:7 › Security edge cases fail safely › a file with the right extension but wrong content fails with a friendly message 
    [mobile-chromium] › e2e\security-edge-cases.spec.ts:20:7 › Security edge cases fail safely › a truncated/corrupted PDF fails with a friendly message 
    [mobile-chromium] › e2e\security-edge-cases.spec.ts:30:7 › Security edge cases fail safely › a malformed ZIP fails with a friendly message 
    [mobile-chromium] › e2e\security-edge-cases.spec.ts:39:7 › Security edge cases fail safely › an SVG with a script and event handlers never executes 
    [mobile-chromium] › e2e\security-edge-cases.spec.ts:57:7 › Security edge cases fail safely › a zero-byte file is rejected immediately as empty 
    [mobile-chromium] › e2e\security-edge-cases.spec.ts:63:7 › Security edge cases fail safely › uploading an unsupported file type shows a friendly error, not a crash 
    [mobile-chromium] › e2e\seo-metadata.spec.ts:4:7 › Per-page SEO metadata › the homepage declares the production domain as its canonical URL 
    [mobile-chromium] › e2e\seo-metadata.spec.ts:9:7 › Per-page SEO metadata › a tool page has its own OpenGraph/Twitter title, not the homepage's 
    [mobile-chromium] › e2e\seo-metadata.spec.ts:23:7 › Per-page SEO metadata › two different tool pages have distinct titles and descriptions 
    [mobile-chromium] › e2e\seo-metadata.spec.ts:36:7 › Per-page SEO metadata › sitemap and robots reference the production domain 
    [mobile-chromium] › e2e\smoke.spec.ts:6:9 › Smoke: every live tool page renders without errors › /pdf/editor renders 
    [mobile-chromium] › e2e\smoke.spec.ts:6:9 › Smoke: every live tool page renders without errors › /pdf/merge renders 
    [mobile-chromium] › e2e\smoke.spec.ts:6:9 › Smoke: every live tool page renders without errors › /pdf/split renders 
    [mobile-chromium] › e2e\smoke.spec.ts:6:9 › Smoke: every live tool page renders without errors › /pdf/extract-pages renders 
    [mobile-chromium] › e2e\smoke.spec.ts:6:9 › Smoke: every live tool page renders without errors › /pdf/delete-pages renders 
    [mobile-chromium] › e2e\smoke.spec.ts:6:9 › Smoke: every live tool page renders without errors › /pdf/rotate renders 
    [mobile-chromium] › e2e\smoke.spec.ts:6:9 › Smoke: every live tool page renders without errors › /pdf/reorder renders 
    [mobile-chromium] › e2e\smoke.spec.ts:6:9 › Smoke: every live tool page renders without errors › /pdf/images-to-pdf renders 
    [mobile-chromium] › e2e\smoke.spec.ts:6:9 › Smoke: every live tool page renders without errors › /pdf/to-images renders 
    [mobile-chromium] › e2e\smoke.spec.ts:6:9 › Smoke: every live tool page renders without errors › /pdf/page-numbers renders 
    [mobile-chromium] › e2e\smoke.spec.ts:6:9 › Smoke: every live tool page renders without errors › /pdf/watermark renders 
    [mobile-chromium] › e2e\smoke.spec.ts:6:9 › Smoke: every live tool page renders without errors › /pdf/metadata renders 
    [mobile-chromium] › e2e\smoke.spec.ts:6:9 › Smoke: every live tool page renders without errors › /pdf/compress renders 
    [mobile-chromium] › e2e\smoke.spec.ts:6:9 › Smoke: every live tool page renders without errors › /pdf/ocr renders 
    [mobile-chromium] › e2e\smoke.spec.ts:6:9 › Smoke: every live tool page renders without errors › /image/compress renders 
    [mobile-chromium] › e2e\smoke.spec.ts:6:9 › Smoke: every live tool page renders without errors › /image/resize renders 
    [mobile-chromium] › e2e\smoke.spec.ts:6:9 › Smoke: every live tool page renders without errors › /image/crop renders 
    [mobile-chromium] › e2e\smoke.spec.ts:6:9 › Smoke: every live tool page renders without errors › /image/rotate renders 
    [mobile-chromium] › e2e\smoke.spec.ts:6:9 › Smoke: every live tool page renders without errors › /image/remove-metadata renders 
    [mobile-chromium] › e2e\smoke.spec.ts:6:9 › Smoke: every live tool page renders without errors › /image/svg-to-png renders 
    [mobile-chromium] › e2e\smoke.spec.ts:6:9 › Smoke: every live tool page renders without errors › /convert/jpg-to-png renders 
    [mobile-chromium] › e2e\smoke.spec.ts:6:9 › Smoke: every live tool page renders without errors › /convert/png-to-jpg renders 
    [mobile-chromium] › e2e\smoke.spec.ts:6:9 › Smoke: every live tool page renders without errors › /convert/jpg-to-webp renders 
    [mobile-chromium] › e2e\smoke.spec.ts:6:9 › Smoke: every live tool page renders without errors › /convert/webp-to-jpg renders 
    [mobile-chromium] › e2e\smoke.spec.ts:6:9 › Smoke: every live tool page renders without errors › /convert/png-to-webp renders 
    [mobile-chromium] › e2e\smoke.spec.ts:6:9 › Smoke: every live tool page renders without errors › /convert/webp-to-png renders 
    [mobile-chromium] › e2e\smoke.spec.ts:6:9 › Smoke: every live tool page renders without errors › /data/json-formatter renders 
    [mobile-chromium] › e2e\smoke.spec.ts:6:9 › Smoke: every live tool page renders without errors › /data/xml-formatter renders 
    [mobile-chromium] › e2e\smoke.spec.ts:6:9 › Smoke: every live tool page renders without errors › /data/csv-to-json renders 
    [mobile-chromium] › e2e\smoke.spec.ts:6:9 › Smoke: every live tool page renders without errors › /data/json-to-csv renders 
    [mobile-chromium] › e2e\smoke.spec.ts:6:9 › Smoke: every live tool page renders without errors › /data/base64 renders 
    [mobile-chromium] › e2e\smoke.spec.ts:6:9 › Smoke: every live tool page renders without errors › /data/url-encode-decode renders 
    [mobile-chromium] › e2e\smoke.spec.ts:6:9 › Smoke: every live tool page renders without errors › /data/case-converter renders 
    [mobile-chromium] › e2e\smoke.spec.ts:6:9 › Smoke: every live tool page renders without errors › /data/word-counter renders 
    [mobile-chromium] › e2e\smoke.spec.ts:6:9 › Smoke: every live tool page renders without errors › /data/uuid-generator renders 
    [mobile-chromium] › e2e\smoke.spec.ts:6:9 › Smoke: every live tool page renders without errors › /data/hash-generator renders 
    [mobile-chromium] › e2e\smoke.spec.ts:6:9 › Smoke: every live tool page renders without errors › /data/text-diff renders 
    [mobile-chromium] › e2e\smoke.spec.ts:6:9 › Smoke: every live tool page renders without errors › /document/markdown-to-html renders 
    [mobile-chromium] › e2e\smoke.spec.ts:6:9 › Smoke: every live tool page renders without errors › /document/markdown-to-pdf renders 
    [mobile-chromium] › e2e\smoke.spec.ts:6:9 › Smoke: every live tool page renders without errors › /document/txt-to-pdf renders 
    [mobile-chromium] › e2e\smoke.spec.ts:6:9 › Smoke: every live tool page renders without errors › /document/txt-to-html renders 
    [mobile-chromium] › e2e\smoke.spec.ts:6:9 › Smoke: every live tool page renders without errors › /archive/zip renders 
    [mobile-chromium] › e2e\smoke.spec.ts:6:9 › Smoke: every live tool page renders without errors › /archive/unzip renders 
    [mobile-chromium] › e2e\theme-and-responsive.spec.ts:4:7 › Dark mode › toggling theme updates the document attribute and persists on reload 
    [mobile-chromium] › e2e\theme-and-responsive.spec.ts:21:7 › Responsive layout › no horizontal overflow at common viewport widths 
  8 skipped
  235 passed (10.0m)
EXIT 1
